cell_id,cell_lat,cell_lon,in_scope
0,45.1050000,5.6400000,0
1,45.1050000,5.6431858,0
2,45.1050000,5.6463715,0
3,45.1050000,5.6495573,0
4,45.1050000,5.6527430,0
5,45.1050000,5.6559288,1
6,45.1050000,5.6591145,1
7,45.1050000,5.6623003,1
8,45.1050000,5.6654860,1
9,45.1050000,5.6686718,1
10,45.1050000,5.6718575,1
11,45.1050000,5.6750433,1
12,45.1050000,5.6782291,1
13,45.1050000,5.6814148,1
14,45.1050000,5.6846006,1
15,45.1050000,5.6877863,1
16,45.1050000,5.6909721,1
17,45.1050000,5.6941578,1
18,45.1050000,5.6973436,0
19,45.1050000,5.7005293,0
20,45.1050000,5.7037151,0
21,45.1050000,5.7069009,0
22,45.1050000,5.7100866,0
23,45.1050000,5.7132724,0
24,45.1050000,5.7164581,0
25,45.1050000,5.7196439,0
26,45.1050000,5.7228296,0
27,45.1050000,5.7260154,0
28,45.1050000,5.7292011,0
29,45.1050000,5.7323869,0
30,45.1050000,5.7355726,1
31,45.1050000,5.7387584,1
32,45.1050000,5.7419442,1
33,45.1050000,5.7451299,1
34,45.1050000,5.7483157,1
35,45.1050000,5.7515014,1
36,45.1050000,5.7546872,1
37,45.1050000,5.7578729,1
38,45.1050000,5.7610587,0
39,45.1050000,5.7642444,0
40,45.1050000,5.7674302,0
41,45.1050000,5.7706159,0
42,45.1050000,5.7738017,0
43,45.1050000,5.7769875,0
44,45.1050000,5.7801732,0
45,45.1050000,5.7833590,1
46,45.1050000,5.7865447,1
47,45.1050000,5.7897305,1
48,45.1050000,5.7929162,1
49,45.1050000,5.7961020,1
50,45.1050000,5.7992877,1
51,45.1050000,5.8024735,1
52,45.1050000,5.8056592,1
53,45.1050000,5.8088450,1
54,45.1072458,5.6400000,0
55,45.1072458,5.6431858,0
56,45.1072458,5.6463715,0
57,45.1072458,5.6495573,0
58,45.1072458,5.6527430,0
59,45.1072458,5.6559288,1
60,45.1072458,5.6591145,1
61,45.1072458,5.6623003,1
62,45.1072458,5.6654860,1
63,45.1072458,5.6686718,1
64,45.1072458,5.6718575,1
65,45.1072458,5.6750433,1
66,45.1072458,5.6782291,1
67,45.1072458,5.6814148,1
68,45.1072458,5.6846006,1
69,45.1072458,5.6877863,1
70,45.1072458,5.6909721,1
71,45.1072458,5.6941578,1
72,45.1072458,5.6973436,1
73,45.1072458,5.7005293,0
74,45.1072458,5.7037151,0
75,45.1072458,5.7069009,0
76,45.1072458,5.7100866,0
77,45.1072458,5.7132724,0
78,45.1072458,5.7164581,0
79,45.1072458,5.7196439,0
80,45.1072458,5.7228296,0
81,45.1072458,5.7260154,1
82,45.1072458,5.7292011,1
83,45.1072458,5.7323869,1
84,45.1072458,5.7355726,0
85,45.1072458,5.7387584,1
86,45.1072458,5.7419442,1
87,45.1072458,5.7451299,1
88,45.1072458,5.7483157,1
89,45.1072458,5.7515014,1
90,45.1072458,5.7546872,1
91,45.1072458,5.7578729,1
92,45.1072458,5.7610587,0
93,45.1072458,5.7642444,0
94,45.1072458,5.7674302,0
95,45.1072458,5.7706159,0
96,45.1072458,5.7738017,0
97,45.1072458,5.7769875,0
98,45.1072458,5.7801732,1
99,45.1072458,5.7833590,1
100,45.1072458,5.7865447,1
101,45.1072458,5.7897305,1
102,45.1072458,5.7929162,1
103,45.1072458,5.7961020,1
104,45.1072458,5.7992877,1
105,45.1072458,5.8024735,1
106,45.1072458,5.8056592,1
107,45.1072458,5.8088450,1
108,45.1094916,5.6400000,0
109,45.1094916,5.6431858,0
110,45.1094916,5.6463715,0
111,45.1094916,5.6495573,0
112,45.1094916,5.6527430,0
113,45.1094916,5.6559288,1
114,45.1094916,5.6591145,1
115,45.1094916,5.6623003,1
116,45.1094916,5.6654860,1
117,45.1094916,5.6686718,1
118,45.1094916,5.6718575,1
119,45.1094916,5.6750433,1
120,45.1094916,5.6782291,1
121,45.1094916,5.6814148,1
122,45.1094916,5.6846006,1
123,45.1094916,5.6877863,1
124,45.1094916,5.6909721,1
125,45.1094916,5.6941578,1
126,45.1094916,5.6973436,1
127,45.1094916,5.7005293,0
128,45.1094916,5.7037151,0
129,45.1094916,5.7069009,0
130,45.1094916,5.7100866,0
131,45.1094916,5.7132724,0
132,45.1094916,5.7164581,0
133,45.1094916,5.7196439,0
134,45.1094916,5.7228296,1
135,45.1094916,5.7260154,1
136,45.1094916,5.7292011,1
137,45.1094916,5.7323869,1
138,45.1094916,5.7355726,1
139,45.1094916,5.7387584,1
140,45.1094916,5.7419442,1
141,45.1094916,5.7451299,1
142,45.1094916,5.7483157,1
143,45.1094916,5.7515014,1
144,45.1094916,5.7546872,1
145,45.1094916,5.7578729,1
146,45.1094916,5.7610587,1
147,45.1094916,5.7642444,0
148,45.1094916,5.7674302,0
149,45.1094916,5.7706159,0
150,45.1094916,5.7738017,0
151,45.1094916,5.7769875,0
152,45.1094916,5.7801732,1
153,45.1094916,5.7833590,1
154,45.1094916,5.7865447,1
155,45.1094916,5.7897305,1
156,45.1094916,5.7929162,1
157,45.1094916,5.7961020,1
158,45.1094916,5.7992877,1
159,45.1094916,5.8024735,1
160,45.1094916,5.8056592,1
161,45.1094916,5.8088450,1
162,45.1117373,5.6400000,0
163,45.1117373,5.6431858,0
164,45.1117373,5.6463715,0
165,45.1117373,5.6495573,0
166,45.1117373,5.6527430,0
167,45.1117373,5.6559288,1
168,45.1117373,5.6591145,1
169,45.1117373,5.6623003,1
170,45.1117373,5.6654860,1
171,45.1117373,5.6686718,1
172,45.1117373,5.6718575,1
173,45.1117373,5.6750433,1
174,45.1117373,5.6782291,1
175,45.1117373,5.6814148,1
176,45.1117373,5.6846006,1
177,45.1117373,5.6877863,1
178,45.1117373,5.6909721,1
179,45.1117373,5.6941578,1
180,45.1117373,5.6973436,1
181,45.1117373,5.7005293,0
182,45.1117373,5.7037151,0
183,45.1117373,5.7069009,0
184,45.1117373,5.7100866,0
185,45.1117373,5.7132724,0
186,45.1117373,5.7164581,0
187,45.1117373,5.7196439,1
188,45.1117373,5.7228296,1
189,45.1117373,5.7260154,1
190,45.1117373,5.7292011,1
191,45.1117373,5.7323869,1
192,45.1117373,5.7355726,1
193,45.1117373,5.7387584,0
194,45.1117373,5.7419442,1
195,45.1117373,5.7451299,1
196,45.1117373,5.7483157,1
197,45.1117373,5.7515014,1
198,45.1117373,5.7546872,1
199,45.1117373,5.7578729,1
200,45.1117373,5.7610587,1
201,45.1117373,5.7642444,1
202,45.1117373,5.7674302,0
203,45.1117373,5.7706159,0
204,45.1117373,5.7738017,0
205,45.1117373,5.7769875,1
206,45.1117373,5.7801732,1
207,45.1117373,5.7833590,1
208,45.1117373,5.7865447,1
209,45.1117373,5.7897305,1
210,45.1117373,5.7929162,1
211,45.1117373,5.7961020,1
212,45.1117373,5.7992877,1
213,45.1117373,5.8024735,1
214,45.1117373,5.8056592,1
215,45.1117373,5.8088450,1
216,45.1139831,5.6400000,0
217,45.1139831,5.6431858,0
218,45.1139831,5.6463715,0
219,45.1139831,5.6495573,0
220,45.1139831,5.6527430,0
221,45.1139831,5.6559288,1
222,45.1139831,5.6591145,1
223,45.1139831,5.6623003,1
224,45.1139831,5.6654860,1
225,45.1139831,5.6686718,1
226,45.1139831,5.6718575,1
227,45.1139831,5.6750433,1
228,45.1139831,5.6782291,1
229,45.1139831,5.6814148,1
230,45.1139831,5.6846006,1
231,45.1139831,5.6877863,1
232,45.1139831,5.6909721,1
233,45.1139831,5.6941578,1
234,45.1139831,5.6973436,1
235,45.1139831,5.7005293,1
236,45.1139831,5.7037151,0
237,45.1139831,5.7069009,0
238,45.1139831,5.7100866,0
239,45.1139831,5.7132724,0
240,45.1139831,5.7164581,0
241,45.1139831,5.7196439,1
242,45.1139831,5.7228296,1
243,45.1139831,5.7260154,1
244,45.1139831,5.7292011,1
245,45.1139831,5.7323869,1
246,45.1139831,5.7355726,1
247,45.1139831,5.7387584,1
248,45.1139831,5.7419442,1
249,45.1139831,5.7451299,1
250,45.1139831,5.7483157,1
251,45.1139831,5.7515014,1
252,45.1139831,5.7546872,1
253,45.1139831,5.7578729,1
254,45.1139831,5.7610587,1
255,45.1139831,5.7642444,1
256,45.1139831,5.7674302,1
257,45.1139831,5.7706159,0
258,45.1139831,5.7738017,0
259,45.1139831,5.7769875,1
260,45.1139831,5.7801732,1
261,45.1139831,5.7833590,1
262,45.1139831,5.7865447,1
263,45.1139831,5.7897305,1
264,45.1139831,5.7929162,1
265,45.1139831,5.7961020,1
266,45.1139831,5.7992877,1
267,45.1139831,5.8024735,1
268,45.1139831,5.8056592,1
269,45.1139831,5.8088450,1
270,45.1162289,5.6400000,0
271,45.1162289,5.6431858,0
272,45.1162289,5.6463715,0
273,45.1162289,5.6495573,0
274,45.1162289,5.6527430,0
275,45.1162289,5.6559288,1
276,45.1162289,5.6591145,1
277,45.1162289,5.6623003,1
278,45.1162289,5.6654860,1
279,45.1162289,5.6686718,1
280,45.1162289,5.6718575,1
281,45.1162289,5.6750433,1
282,45.1162289,5.6782291,1
283,45.1162289,5.6814148,1
284,45.1162289,5.6846006,1
285,45.1162289,5.6877863,1
286,45.1162289,5.6909721,1
287,45.1162289,5.6941578,1
288,45.1162289,5.6973436,1
289,45.1162289,5.7005293,1
290,45.1162289,5.7037151,0
291,45.1162289,5.7069009,0
292,45.1162289,5.7100866,0
293,45.1162289,5.7132724,0
294,45.1162289,5.7164581,0
295,45.1162289,5.7196439,1
296,45.1162289,5.7228296,1
297,45.1162289,5.7260154,1
298,45.1162289,5.7292011,1
299,45.1162289,5.7323869,1
300,45.1162289,5.7355726,1
301,45.1162289,5.7387584,1
302,45.1162289,5.7419442,1
303,45.1162289,5.7451299,1
304,45.1162289,5.7483157,1
305,45.1162289,5.7515014,1
306,45.1162289,5.7546872,1
307,45.1162289,5.7578729,1
308,45.1162289,5.7610587,1
309,45.1162289,5.7642444,1
310,45.1162289,5.7674302,1
311,45.1162289,5.7706159,0
312,45.1162289,5.7738017,1
313,45.1162289,5.7769875,1
314,45.1162289,5.7801732,1
315,45.1162289,5.7833590,1
316,45.1162289,5.7865447,1
317,45.1162289,5.7897305,1
318,45.1162289,5.7929162,1
319,45.1162289,5.7961020,0
320,45.1162289,5.7992877,1
321,45.1162289,5.8024735,1
322,45.1162289,5.8056592,1
323,45.1162289,5.8088450,1
324,45.1184747,5.6400000,0
325,45.1184747,5.6431858,0
326,45.1184747,5.6463715,0
327,45.1184747,5.6495573,0
328,45.1184747,5.6527430,0
329,45.1184747,5.6559288,0
330,45.1184747,5.6591145,1
331,45.1184747,5.6623003,1
332,45.1184747,5.6654860,1
333,45.1184747,5.6686718,1
334,45.1184747,5.6718575,1
335,45.1184747,5.6750433,1
336,45.1184747,5.6782291,1
337,45.1184747,5.6814148,1
338,45.1184747,5.6846006,1
339,45.1184747,5.6877863,1
340,45.1184747,5.6909721,1
341,45.1184747,5.6941578,1
342,45.1184747,5.6973436,1
343,45.1184747,5.7005293,1
344,45.1184747,5.7037151,1
345,45.1184747,5.7069009,0
346,45.1184747,5.7100866,0
347,45.1184747,5.7132724,0
348,45.1184747,5.7164581,0
349,45.1184747,5.7196439,0
350,45.1184747,5.7228296,1
351,45.1184747,5.7260154,1
352,45.1184747,5.7292011,1
353,45.1184747,5.7323869,1
354,45.1184747,5.7355726,1
355,45.1184747,5.7387584,1
356,45.1184747,5.7419442,1
357,45.1184747,5.7451299,1
358,45.1184747,5.7483157,1
359,45.1184747,5.7515014,1
360,45.1184747,5.7546872,1
361,45.1184747,5.7578729,1
362,45.1184747,5.7610587,1
363,45.1184747,5.7642444,1
364,45.1184747,5.7674302,0
365,45.1184747,5.7706159,0
366,45.1184747,5.7738017,1
367,45.1184747,5.7769875,1
368,45.1184747,5.7801732,1
369,45.1184747,5.7833590,1
370,45.1184747,5.7865447,1
371,45.1184747,5.7897305,1
372,45.1184747,5.7929162,1
373,45.1184747,5.7961020,0
374,45.1184747,5.7992877,1
375,45.1184747,5.8024735,1
376,45.1184747,5.8056592,1
377,45.1184747,5.8088450,1
378,45.1207204,5.6400000,0
379,45.1207204,5.6431858,0
380,45.1207204,5.6463715,0
381,45.1207204,5.6495573,0
382,45.1207204,5.6527430,0
383,45.1207204,5.6559288,0
384,45.1207204,5.6591145,1
385,45.1207204,5.6623003,1
386,45.1207204,5.6654860,1
387,45.1207204,5.6686718,1
388,45.1207204,5.6718575,1
389,45.1207204,5.6750433,1
390,45.1207204,5.6782291,1
391,45.1207204,5.6814148,1
392,45.1207204,5.6846006,1
393,45.1207204,5.6877863,1
394,45.1207204,5.6909721,1
395,45.1207204,5.6941578,1
396,45.1207204,5.6973436,1
397,45.1207204,5.7005293,1
398,45.1207204,5.7037151,1
399,45.1207204,5.7069009,1
400,45.1207204,5.7100866,0
401,45.1207204,5.7132724,0
402,45.1207204,5.7164581,0
403,45.1207204,5.7196439,0
404,45.1207204,5.7228296,0
405,45.1207204,5.7260154,1
406,45.1207204,5.7292011,1
407,45.1207204,5.7323869,0
408,45.1207204,5.7355726,0
409,45.1207204,5.7387584,1
410,45.1207204,5.7419442,1
411,45.1207204,5.7451299,1
412,45.1207204,5.7483157,1
413,45.1207204,5.7515014,1
414,45.1207204,5.7546872,1
415,45.1207204,5.7578729,1
416,45.1207204,5.7610587,1
417,45.1207204,5.7642444,1
418,45.1207204,5.7674302,0
419,45.1207204,5.7706159,0
420,45.1207204,5.7738017,1
421,45.1207204,5.7769875,1
422,45.1207204,5.7801732,1
423,45.1207204,5.7833590,1
424,45.1207204,5.7865447,1
425,45.1207204,5.7897305,1
426,45.1207204,5.7929162,0
427,45.1207204,5.7961020,0
428,45.1207204,5.7992877,0
429,45.1207204,5.8024735,1
430,45.1207204,5.8056592,1
431,45.1207204,5.8088450,1
432,45.1229662,5.6400000,0
433,45.1229662,5.6431858,0
434,45.1229662,5.6463715,0
435,45.1229662,5.6495573,0
436,45.1229662,5.6527430,0
437,45.1229662,5.6559288,0
438,45.1229662,5.6591145,0
439,45.1229662,5.6623003,1
440,45.1229662,5.6654860,1
441,45.1229662,5.6686718,1
442,45.1229662,5.6718575,1
443,45.1229662,5.6750433,1
444,45.1229662,5.6782291,1
445,45.1229662,5.6814148,1
446,45.1229662,5.6846006,1
447,45.1229662,5.6877863,1
448,45.1229662,5.6909721,1
449,45.1229662,5.6941578,1
450,45.1229662,5.6973436,1
451,45.1229662,5.7005293,1
452,45.1229662,5.7037151,1
453,45.1229662,5.7069009,1
454,45.1229662,5.7100866,0
455,45.1229662,5.7132724,0
456,45.1229662,5.7164581,0
457,45.1229662,5.7196439,0
458,45.1229662,5.7228296,0
459,45.1229662,5.7260154,0
460,45.1229662,5.7292011,0
461,45.1229662,5.7323869,0
462,45.1229662,5.7355726,0
463,45.1229662,5.7387584,0
464,45.1229662,5.7419442,1
465,45.1229662,5.7451299,1
466,45.1229662,5.7483157,1
467,45.1229662,5.7515014,1
468,45.1229662,5.7546872,1
469,45.1229662,5.7578729,1
470,45.1229662,5.7610587,0
471,45.1229662,5.7642444,0
472,45.1229662,5.7674302,0
473,45.1229662,5.7706159,0
474,45.1229662,5.7738017,1
475,45.1229662,5.7769875,1
476,45.1229662,5.7801732,1
477,45.1229662,5.7833590,1
478,45.1229662,5.7865447,1
479,45.1229662,5.7897305,1
480,45.1229662,5.7929162,0
481,45.1229662,5.7961020,0
482,45.1229662,5.7992877,0
483,45.1229662,5.8024735,1
484,45.1229662,5.8056592,1
485,45.1229662,5.8088450,1
486,45.1252120,5.6400000,0
487,45.1252120,5.6431858,0
488,45.1252120,5.6463715,0
489,45.1252120,5.6495573,0
490,45.1252120,5.6527430,0
491,45.1252120,5.6559288,0
492,45.1252120,5.6591145,0
493,45.1252120,5.6623003,1
494,45.1252120,5.6654860,1
495,45.1252120,5.6686718,1
496,45.1252120,5.6718575,1
497,45.1252120,5.6750433,1
498,45.1252120,5.6782291,1
499,45.1252120,5.6814148,1
500,45.1252120,5.6846006,1
501,45.1252120,5.6877863,1
502,45.1252120,5.6909721,1
503,45.1252120,5.6941578,1
504,45.1252120,5.6973436,1
505,45.1252120,5.7005293,1
506,45.1252120,5.7037151,1
507,45.1252120,5.7069009,1
508,45.1252120,5.7100866,0
509,45.1252120,5.7132724,0
510,45.1252120,5.7164581,0
511,45.1252120,5.7196439,0
512,45.1252120,5.7228296,0
513,45.1252120,5.7260154,0
514,45.1252120,5.7292011,0
515,45.1252120,5.7323869,0
516,45.1252120,5.7355726,0
517,45.1252120,5.7387584,0
518,45.1252120,5.7419442,0
519,45.1252120,5.7451299,0
520,45.1252120,5.7483157,0
521,45.1252120,5.7515014,0
522,45.1252120,5.7546872,0
523,45.1252120,5.7578729,0
524,45.1252120,5.7610587,0
525,45.1252120,5.7642444,0
526,45.1252120,5.7674302,0
527,45.1252120,5.7706159,1
528,45.1252120,5.7738017,1
529,45.1252120,5.7769875,1
530,45.1252120,5.7801732,1
531,45.1252120,5.7833590,1
532,45.1252120,5.7865447,1
533,45.1252120,5.7897305,0
534,45.1252120,5.7929162,0
535,45.1252120,5.7961020,0
536,45.1252120,5.7992877,0
537,45.1252120,5.8024735,0
538,45.1252120,5.8056592,1
539,45.1252120,5.8088450,1
540,45.1274578,5.6400000,0
541,45.1274578,5.6431858,0
542,45.1274578,5.6463715,0
543,45.1274578,5.6495573,0
544,45.1274578,5.6527430,0
545,45.1274578,5.6559288,0
546,45.1274578,5.6591145,0
547,45.1274578,5.6623003,1
548,45.1274578,5.6654860,1
549,45.1274578,5.6686718,1
550,45.1274578,5.6718575,1
551,45.1274578,5.6750433,1
552,45.1274578,5.6782291,1
553,45.1274578,5.6814148,1
554,45.1274578,5.6846006,1
555,45.1274578,5.6877863,1
556,45.1274578,5.6909721,1
557,45.1274578,5.6941578,1
558,45.1274578,5.6973436,1
559,45.1274578,5.7005293,1
560,45.1274578,5.7037151,1
561,45.1274578,5.7069009,1
562,45.1274578,5.7100866,0
563,45.1274578,5.7132724,1
564,45.1274578,5.7164581,1
565,45.1274578,5.7196439,0
566,45.1274578,5.7228296,0
567,45.1274578,5.7260154,0
568,45.1274578,5.7292011,0
569,45.1274578,5.7323869,0
570,45.1274578,5.7355726,0
571,45.1274578,5.7387584,0
572,45.1274578,5.7419442,0
573,45.1274578,5.7451299,0
574,45.1274578,5.7483157,0
575,45.1274578,5.7515014,0
576,45.1274578,5.7546872,0
577,45.1274578,5.7578729,0
578,45.1274578,5.7610587,0
579,45.1274578,5.7642444,0
580,45.1274578,5.7674302,0
581,45.1274578,5.7706159,1
582,45.1274578,5.7738017,1
583,45.1274578,5.7769875,1
584,45.1274578,5.7801732,1
585,45.1274578,5.7833590,1
586,45.1274578,5.7865447,1
587,45.1274578,5.7897305,0
588,45.1274578,5.7929162,0
589,45.1274578,5.7961020,0
590,45.1274578,5.7992877,0
591,45.1274578,5.8024735,0
592,45.1274578,5.8056592,0
593,45.1274578,5.8088450,1
594,45.1297036,5.6400000,0
595,45.1297036,5.6431858,0
596,45.1297036,5.6463715,0
597,45.1297036,5.6495573,0
598,45.1297036,5.6527430,0
599,45.1297036,5.6559288,0
600,45.1297036,5.6591145,1
601,45.1297036,5.6623003,1
602,45.1297036,5.6654860,1
603,45.1297036,5.6686718,1
604,45.1297036,5.6718575,1
605,45.1297036,5.6750433,1
606,45.1297036,5.6782291,1
607,45.1297036,5.6814148,1
608,45.1297036,5.6846006,1
609,45.1297036,5.6877863,1
610,45.1297036,5.6909721,1
611,45.1297036,5.6941578,1
612,45.1297036,5.6973436,1
613,45.1297036,5.7005293,1
614,45.1297036,5.7037151,1
615,45.1297036,5.7069009,1
616,45.1297036,5.7100866,1
617,45.1297036,5.7132724,1
618,45.1297036,5.7164581,1
619,45.1297036,5.7196439,1
620,45.1297036,5.7228296,0
621,45.1297036,5.7260154,0
622,45.1297036,5.7292011,0
623,45.1297036,5.7323869,0
624,45.1297036,5.7355726,0
625,45.1297036,5.7387584,0
626,45.1297036,5.7419442,0
627,45.1297036,5.7451299,0
628,45.1297036,5.7483157,0
629,45.1297036,5.7515014,0
630,45.1297036,5.7546872,0
631,45.1297036,5.7578729,0
632,45.1297036,5.7610587,0
633,45.1297036,5.7642444,0
634,45.1297036,5.7674302,1
635,45.1297036,5.7706159,1
636,45.1297036,5.7738017,1
637,45.1297036,5.7769875,1
638,45.1297036,5.7801732,1
639,45.1297036,5.7833590,1
640,45.1297036,5.7865447,1
641,45.1297036,5.7897305,0
642,45.1297036,5.7929162,0
643,45.1297036,5.7961020,0
644,45.1297036,5.7992877,0
645,45.1297036,5.8024735,0
646,45.1297036,5.8056592,0
647,45.1297036,5.8088450,1
648,45.1319493,5.6400000,0
649,45.1319493,5.6431858,0
650,45.1319493,5.6463715,0
651,45.1319493,5.6495573,0
652,45.1319493,5.6527430,0
653,45.1319493,5.6559288,0
654,45.1319493,5.6591145,1
655,45.1319493,5.6623003,1
656,45.1319493,5.6654860,1
657,45.1319493,5.6686718,1
658,45.1319493,5.6718575,1
659,45.1319493,5.6750433,1
660,45.1319493,5.6782291,1
661,45.1319493,5.6814148,1
662,45.1319493,5.6846006,1
663,45.1319493,5.6877863,1
664,45.1319493,5.6909721,1
665,45.1319493,5.6941578,1
666,45.1319493,5.6973436,1
667,45.1319493,5.7005293,1
668,45.1319493,5.7037151,1
669,45.1319493,5.7069009,1
670,45.1319493,5.7100866,1
671,45.1319493,5.7132724,1
672,45.1319493,5.7164581,1
673,45.1319493,5.7196439,1
674,45.1319493,5.7228296,1
675,45.1319493,5.7260154,0
676,45.1319493,5.7292011,0
677,45.1319493,5.7323869,0
678,45.1319493,5.7355726,0
679,45.1319493,5.7387584,0
680,45.1319493,5.7419442,1
681,45.1319493,5.7451299,1
682,45.1319493,5.7483157,1
683,45.1319493,5.7515014,1
684,45.1319493,5.7546872,0
685,45.1319493,5.7578729,0
686,45.1319493,5.7610587,0
687,45.1319493,5.7642444,1
688,45.1319493,5.7674302,1
689,45.1319493,5.7706159,1
690,45.1319493,5.7738017,1
691,45.1319493,5.7769875,1
692,45.1319493,5.7801732,1
693,45.1319493,5.7833590,1
694,45.1319493,5.7865447,1
695,45.1319493,5.7897305,1
696,45.1319493,5.7929162,1
697,45.1319493,5.7961020,1
698,45.1319493,5.7992877,0
699,45.1319493,5.8024735,0
700,45.1319493,5.8056592,0
701,45.1319493,5.8088450,1
702,45.1341951,5.6400000,0
703,45.1341951,5.6431858,0
704,45.1341951,5.6463715,0
705,45.1341951,5.6495573,0
706,45.1341951,5.6527430,0
707,45.1341951,5.6559288,0
708,45.1341951,5.6591145,1
709,45.1341951,5.6623003,1
710,45.1341951,5.6654860,1
711,45.1341951,5.6686718,1
712,45.1341951,5.6718575,1
713,45.1341951,5.6750433,1
714,45.1341951,5.6782291,1
715,45.1341951,5.6814148,1
716,45.1341951,5.6846006,1
717,45.1341951,5.6877863,1
718,45.1341951,5.6909721,1
719,45.1341951,5.6941578,1
720,45.1341951,5.6973436,1
721,45.1341951,5.7005293,1
722,45.1341951,5.7037151,1
723,45.1341951,5.7069009,1
724,45.1341951,5.7100866,1
725,45.1341951,5.7132724,1
726,45.1341951,5.7164581,1
727,45.1341951,5.7196439,1
728,45.1341951,5.7228296,1
729,45.1341951,5.7260154,0
730,45.1341951,5.7292011,0
731,45.1341951,5.7323869,0
732,45.1341951,5.7355726,0
733,45.1341951,5.7387584,1
734,45.1341951,5.7419442,1
735,45.1341951,5.7451299,1
736,45.1341951,5.7483157,1
737,45.1341951,5.7515014,1
738,45.1341951,5.7546872,1
739,45.1341951,5.7578729,0
740,45.1341951,5.7610587,1
741,45.1341951,5.7642444,1
742,45.1341951,5.7674302,1
743,45.1341951,5.7706159,1
744,45.1341951,5.7738017,1
745,45.1341951,5.7769875,1
746,45.1341951,5.7801732,1
747,45.1341951,5.7833590,1
748,45.1341951,5.7865447,1
749,45.1341951,5.7897305,1
750,45.1341951,5.7929162,1
751,45.1341951,5.7961020,1
752,45.1341951,5.7992877,1
753,45.1341951,5.8024735,0
754,45.1341951,5.8056592,0
755,45.1341951,5.8088450,0
756,45.1364409,5.6400000,0
757,45.1364409,5.6431858,0
758,45.1364409,5.6463715,0
759,45.1364409,5.6495573,0
760,45.1364409,5.6527430,0
761,45.1364409,5.6559288,0
762,45.1364409,5.6591145,1
763,45.1364409,5.6623003,1
764,45.1364409,5.6654860,1
765,45.1364409,5.6686718,1
766,45.1364409,5.6718575,1
767,45.1364409,5.6750433,1
768,45.1364409,5.6782291,1
769,45.1364409,5.6814148,1
770,45.1364409,5.6846006,1
771,45.1364409,5.6877863,1
772,45.1364409,5.6909721,1
773,45.1364409,5.6941578,1
774,45.1364409,5.6973436,1
775,45.1364409,5.7005293,1
776,45.1364409,5.7037151,1
777,45.1364409,5.7069009,1
778,45.1364409,5.7100866,1
779,45.1364409,5.7132724,1
780,45.1364409,5.7164581,1
781,45.1364409,5.7196439,1
782,45.1364409,5.7228296,1
783,45.1364409,5.7260154,1
784,45.1364409,5.7292011,1
785,45.1364409,5.7323869,1
786,45.1364409,5.7355726,1
787,45.1364409,5.7387584,1
788,45.1364409,5.7419442,1
789,45.1364409,5.7451299,1
790,45.1364409,5.7483157,1
791,45.1364409,5.7515014,1
792,45.1364409,5.7546872,1
793,45.1364409,5.7578729,1
794,45.1364409,5.7610587,1
795,45.1364409,5.7642444,1
796,45.1364409,5.7674302,1
797,45.1364409,5.7706159,1
798,45.1364409,5.7738017,1
799,45.1364409,5.7769875,1
800,45.1364409,5.7801732,1
801,45.1364409,5.7833590,1
802,45.1364409,5.7865447,1
803,45.1364409,5.7897305,1
804,45.1364409,5.7929162,1
805,45.1364409,5.7961020,1
806,45.1364409,5.7992877,1
807,45.1364409,5.8024735,1
808,45.1364409,5.8056592,0
809,45.1364409,5.8088450,0
810,45.1386867,5.6400000,0
811,45.1386867,5.6431858,0
812,45.1386867,5.6463715,0
813,45.1386867,5.6495573,0
814,45.1386867,5.6527430,0
815,45.1386867,5.6559288,0
816,45.1386867,5.6591145,0
817,45.1386867,5.6623003,1
818,45.1386867,5.6654860,1
819,45.1386867,5.6686718,1
820,45.1386867,5.6718575,1
821,45.1386867,5.6750433,1
822,45.1386867,5.6782291,1
823,45.1386867,5.6814148,1
824,45.1386867,5.6846006,1
825,45.1386867,5.6877863,1
826,45.1386867,5.6909721,1
827,45.1386867,5.6941578,1
828,45.1386867,5.6973436,1
829,45.1386867,5.7005293,1
830,45.1386867,5.7037151,1
831,45.1386867,5.7069009,1
832,45.1386867,5.7100866,1
833,45.1386867,5.7132724,1
834,45.1386867,5.7164581,1
835,45.1386867,5.7196439,1
836,45.1386867,5.7228296,1
837,45.1386867,5.7260154,1
838,45.1386867,5.7292011,1
839,45.1386867,5.7323869,1
840,45.1386867,5.7355726,1
841,45.1386867,5.7387584,1
842,45.1386867,5.7419442,1
843,45.1386867,5.7451299,1
844,45.1386867,5.7483157,1
845,45.1386867,5.7515014,1
846,45.1386867,5.7546872,1
847,45.1386867,5.7578729,1
848,45.1386867,5.7610587,1
849,45.1386867,5.7642444,1
850,45.1386867,5.7674302,1
851,45.1386867,5.7706159,1
852,45.1386867,5.7738017,1
853,45.1386867,5.7769875,1
854,45.1386867,5.7801732,1
855,45.1386867,5.7833590,1
856,45.1386867,5.7865447,1
857,45.1386867,5.7897305,1
858,45.1386867,5.7929162,1
859,45.1386867,5.7961020,1
860,45.1386867,5.7992877,1
861,45.1386867,5.8024735,1
862,45.1386867,5.8056592,0
863,45.1386867,5.8088450,0
864,45.1409324,5.6400000,0
865,45.1409324,5.6431858,0
866,45.1409324,5.6463715,0
867,45.1409324,5.6495573,0
868,45.1409324,5.6527430,0
869,45.1409324,5.6559288,0
870,45.1409324,5.6591145,0
871,45.1409324,5.6623003,1
872,45.1409324,5.6654860,1
873,45.1409324,5.6686718,1
874,45.1409324,5.6718575,1
875,45.1409324,5.6750433,1
876,45.1409324,5.6782291,1
877,45.1409324,5.6814148,1
878,45.1409324,5.6846006,1
879,45.1409324,5.6877863,1
880,45.1409324,5.6909721,1
881,45.1409324,5.6941578,1
882,45.1409324,5.6973436,1
883,45.1409324,5.7005293,1
884,45.1409324,5.7037151,1
885,45.1409324,5.7069009,1
886,45.1409324,5.7100866,1
887,45.1409324,5.7132724,1
888,45.1409324,5.7164581,1
889,45.1409324,5.7196439,1
890,45.1409324,5.7228296,1
891,45.1409324,5.7260154,1
892,45.1409324,5.7292011,1
893,45.1409324,5.7323869,1
894,45.1409324,5.7355726,1
895,45.1409324,5.7387584,1
896,45.1409324,5.7419442,1
897,45.1409324,5.7451299,1
898,45.1409324,5.7483157,1
899,45.1409324,5.7515014,1
900,45.1409324,5.7546872,1
901,45.1409324,5.7578729,1
902,45.1409324,5.7610587,0
903,45.1409324,5.7642444,1
904,45.1409324,5.7674302,1
905,45.1409324,5.7706159,1
906,45.1409324,5.7738017,1
907,45.1409324,5.7769875,1
908,45.1409324,5.7801732,1
909,45.1409324,5.7833590,1
910,45.1409324,5.7865447,1
911,45.1409324,5.7897305,1
912,45.1409324,5.7929162,1
913,45.1409324,5.7961020,1
914,45.1409324,5.7992877,1
915,45.1409324,5.8024735,1
916,45.1409324,5.8056592,0
917,45.1409324,5.8088450,0
918,45.1431782,5.6400000,0
919,45.1431782,5.6431858,0
920,45.1431782,5.6463715,0
921,45.1431782,5.6495573,0
922,45.1431782,5.6527430,0
923,45.1431782,5.6559288,0
924,45.1431782,5.6591145,0
925,45.1431782,5.6623003,1
926,45.1431782,5.6654860,1
927,45.1431782,5.6686718,1
928,45.1431782,5.6718575,1
929,45.1431782,5.6750433,1
930,45.1431782,5.6782291,1
931,45.1431782,5.6814148,1
932,45.1431782,5.6846006,1
933,45.1431782,5.6877863,1
934,45.1431782,5.6909721,1
935,45.1431782,5.6941578,1
936,45.1431782,5.6973436,1
937,45.1431782,5.7005293,1
938,45.1431782,5.7037151,1
939,45.1431782,5.7069009,1
940,45.1431782,5.7100866,1
941,45.1431782,5.7132724,1
942,45.1431782,5.7164581,1
943,45.1431782,5.7196439,1
944,45.1431782,5.7228296,1
945,45.1431782,5.7260154,1
946,45.1431782,5.7292011,1
947,45.1431782,5.7323869,1
948,45.1431782,5.7355726,1
949,45.1431782,5.7387584,1
950,45.1431782,5.7419442,1
951,45.1431782,5.7451299,1
952,45.1431782,5.7483157,1
953,45.1431782,5.7515014,1
954,45.1431782,5.7546872,1
955,45.1431782,5.7578729,1
956,45.1431782,5.7610587,1
957,45.1431782,5.7642444,0
958,45.1431782,5.7674302,1
959,45.1431782,5.7706159,1
960,45.1431782,5.7738017,1
961,45.1431782,5.7769875,1
962,45.1431782,5.7801732,1
963,45.1431782,5.7833590,1
964,45.1431782,5.7865447,1
965,45.1431782,5.7897305,1
966,45.1431782,5.7929162,1
967,45.1431782,5.7961020,1
968,45.1431782,5.7992877,1
969,45.1431782,5.8024735,0
970,45.1431782,5.8056592,0
971,45.1431782,5.8088450,0
972,45.1454240,5.6400000,0
973,45.1454240,5.6431858,0
974,45.1454240,5.6463715,0
975,45.1454240,5.6495573,0
976,45.1454240,5.6527430,0
977,45.1454240,5.6559288,0
978,45.1454240,5.6591145,0
979,45.1454240,5.6623003,0
980,45.1454240,5.6654860,0
981,45.1454240,5.6686718,1
982,45.1454240,5.6718575,1
983,45.1454240,5.6750433,1
984,45.1454240,5.6782291,1
985,45.1454240,5.6814148,1
986,45.1454240,5.6846006,1
987,45.1454240,5.6877863,1
988,45.1454240,5.6909721,1
989,45.1454240,5.6941578,1
990,45.1454240,5.6973436,1
991,45.1454240,5.7005293,1
992,45.1454240,5.7037151,1
993,45.1454240,5.7069009,1
994,45.1454240,5.7100866,1
995,45.1454240,5.7132724,1
996,45.1454240,5.7164581,1
997,45.1454240,5.7196439,1
998,45.1454240,5.7228296,1
999,45.1454240,5.7260154,1
1000,45.1454240,5.7292011,1
1001,45.1454240,5.7323869,1
1002,45.1454240,5.7355726,1
1003,45.1454240,5.7387584,1
1004,45.1454240,5.7419442,1
1005,45.1454240,5.7451299,1
1006,45.1454240,5.7483157,1
1007,45.1454240,5.7515014,1
1008,45.1454240,5.7546872,1
1009,45.1454240,5.7578729,1
1010,45.1454240,5.7610587,1
1011,45.1454240,5.7642444,1
1012,45.1454240,5.7674302,0
1013,45.1454240,5.7706159,1
1014,45.1454240,5.7738017,1
1015,45.1454240,5.7769875,1
1016,45.1454240,5.7801732,1
1017,45.1454240,5.7833590,1
1018,45.1454240,5.7865447,1
1019,45.1454240,5.7897305,1
1020,45.1454240,5.7929162,1
1021,45.1454240,5.7961020,1
1022,45.1454240,5.7992877,0
1023,45.1454240,5.8024735,0
1024,45.1454240,5.8056592,0
1025,45.1454240,5.8088450,0
1026,45.1476698,5.6400000,0
1027,45.1476698,5.6431858,0
1028,45.1476698,5.6463715,0
1029,45.1476698,5.6495573,0
1030,45.1476698,5.6527430,0
1031,45.1476698,5.6559288,0
1032,45.1476698,5.6591145,0
1033,45.1476698,5.6623003,0
1034,45.1476698,5.6654860,0
1035,45.1476698,5.6686718,1
1036,45.1476698,5.6718575,1
1037,45.1476698,5.6750433,1
1038,45.1476698,5.6782291,1
1039,45.1476698,5.6814148,1
1040,45.1476698,5.6846006,1
1041,45.1476698,5.6877863,1
1042,45.1476698,5.6909721,1
1043,45.1476698,5.6941578,1
1044,45.1476698,5.6973436,1
1045,45.1476698,5.7005293,1
1046,45.1476698,5.7037151,1
1047,45.1476698,5.7069009,1
1048,45.1476698,5.7100866,1
1049,45.1476698,5.7132724,1
1050,45.1476698,5.7164581,1
1051,45.1476698,5.7196439,1
1052,45.1476698,5.7228296,1
1053,45.1476698,5.7260154,1
1054,45.1476698,5.7292011,1
1055,45.1476698,5.7323869,1
1056,45.1476698,5.7355726,1
1057,45.1476698,5.7387584,1
1058,45.1476698,5.7419442,1
1059,45.1476698,5.7451299,1
1060,45.1476698,5.7483157,1
1061,45.1476698,5.7515014,1
1062,45.1476698,5.7546872,1
1063,45.1476698,5.7578729,1
1064,45.1476698,5.7610587,1
1065,45.1476698,5.7642444,1
1066,45.1476698,5.7674302,0
1067,45.1476698,5.7706159,0
1068,45.1476698,5.7738017,0
1069,45.1476698,5.7769875,0
1070,45.1476698,5.7801732,0
1071,45.1476698,5.7833590,0
1072,45.1476698,5.7865447,0
1073,45.1476698,5.7897305,0
1074,45.1476698,5.7929162,0
1075,45.1476698,5.7961020,0
1076,45.1476698,5.7992877,0
1077,45.1476698,5.8024735,0
1078,45.1476698,5.8056592,0
1079,45.1476698,5.8088450,0
1080,45.1499156,5.6400000,0
1081,45.1499156,5.6431858,0
1082,45.1499156,5.6463715,0
1083,45.1499156,5.6495573,0
1084,45.1499156,5.6527430,0
1085,45.1499156,5.6559288,0
1086,45.1499156,5.6591145,0
1087,45.1499156,5.6623003,0
1088,45.1499156,5.6654860,0
1089,45.1499156,5.6686718,1
1090,45.1499156,5.6718575,1
1091,45.1499156,5.6750433,1
1092,45.1499156,5.6782291,1
1093,45.1499156,5.6814148,1
1094,45.1499156,5.6846006,1
1095,45.1499156,5.6877863,1
1096,45.1499156,5.6909721,1
1097,45.1499156,5.6941578,1
1098,45.1499156,5.6973436,1
1099,45.1499156,5.7005293,1
1100,45.1499156,5.7037151,1
1101,45.1499156,5.7069009,1
1102,45.1499156,5.7100866,1
1103,45.1499156,5.7132724,1
1104,45.1499156,5.7164581,1
1105,45.1499156,5.7196439,1
1106,45.1499156,5.7228296,1
1107,45.1499156,5.7260154,1
1108,45.1499156,5.7292011,1
1109,45.1499156,5.7323869,1
1110,45.1499156,5.7355726,1
1111,45.1499156,5.7387584,1
1112,45.1499156,5.7419442,1
1113,45.1499156,5.7451299,1
1114,45.1499156,5.7483157,1
1115,45.1499156,5.7515014,1
1116,45.1499156,5.7546872,1
1117,45.1499156,5.7578729,1
1118,45.1499156,5.7610587,1
1119,45.1499156,5.7642444,0
1120,45.1499156,5.7674302,0
1121,45.1499156,5.7706159,0
1122,45.1499156,5.7738017,0
1123,45.1499156,5.7769875,0
1124,45.1499156,5.7801732,0
1125,45.1499156,5.7833590,0
1126,45.1499156,5.7865447,0
1127,45.1499156,5.7897305,0
1128,45.1499156,5.7929162,0
1129,45.1499156,5.7961020,0
1130,45.1499156,5.7992877,0
1131,45.1499156,5.8024735,0
1132,45.1499156,5.8056592,0
1133,45.1499156,5.8088450,0
1134,45.1521613,5.6400000,0
1135,45.1521613,5.6431858,0
1136,45.1521613,5.6463715,0
1137,45.1521613,5.6495573,0
1138,45.1521613,5.6527430,0
1139,45.1521613,5.6559288,0
1140,45.1521613,5.6591145,0
1141,45.1521613,5.6623003,0
1142,45.1521613,5.6654860,1
1143,45.1521613,5.6686718,1
1144,45.1521613,5.6718575,1
1145,45.1521613,5.6750433,1
1146,45.1521613,5.6782291,1
1147,45.1521613,5.6814148,1
1148,45.1521613,5.6846006,1
1149,45.1521613,5.6877863,1
1150,45.1521613,5.6909721,1
1151,45.1521613,5.6941578,1
1152,45.1521613,5.6973436,1
1153,45.1521613,5.7005293,1
1154,45.1521613,5.7037151,1
1155,45.1521613,5.7069009,1
1156,45.1521613,5.7100866,1
1157,45.1521613,5.7132724,1
1158,45.1521613,5.7164581,1
1159,45.1521613,5.7196439,1
1160,45.1521613,5.7228296,1
1161,45.1521613,5.7260154,1
1162,45.1521613,5.7292011,1
1163,45.1521613,5.7323869,1
1164,45.1521613,5.7355726,1
1165,45.1521613,5.7387584,1
1166,45.1521613,5.7419442,1
1167,45.1521613,5.7451299,1
1168,45.1521613,5.7483157,1
1169,45.1521613,5.7515014,1
1170,45.1521613,5.7546872,1
1171,45.1521613,5.7578729,1
1172,45.1521613,5.7610587,1
1173,45.1521613,5.7642444,1
1174,45.1521613,5.7674302,1
1175,45.1521613,5.7706159,1
1176,45.1521613,5.7738017,0
1177,45.1521613,5.7769875,0
1178,45.1521613,5.7801732,0
1179,45.1521613,5.7833590,0
1180,45.1521613,5.7865447,0
1181,45.1521613,5.7897305,0
1182,45.1521613,5.7929162,0
1183,45.1521613,5.7961020,0
1184,45.1521613,5.7992877,0
1185,45.1521613,5.8024735,0
1186,45.1521613,5.8056592,0
1187,45.1521613,5.8088450,0
1188,45.1544071,5.6400000,0
1189,45.1544071,5.6431858,0
1190,45.1544071,5.6463715,0
1191,45.1544071,5.6495573,0
1192,45.1544071,5.6527430,0
1193,45.1544071,5.6559288,0
1194,45.1544071,5.6591145,0
1195,45.1544071,5.6623003,1
1196,45.1544071,5.6654860,1
1197,45.1544071,5.6686718,1
1198,45.1544071,5.6718575,1
1199,45.1544071,5.6750433,1
1200,45.1544071,5.6782291,1
1201,45.1544071,5.6814148,1
1202,45.1544071,5.6846006,1
1203,45.1544071,5.6877863,1
1204,45.1544071,5.6909721,1
1205,45.1544071,5.6941578,1
1206,45.1544071,5.6973436,1
1207,45.1544071,5.7005293,1
1208,45.1544071,5.7037151,1
1209,45.1544071,5.7069009,1
1210,45.1544071,5.7100866,1
1211,45.1544071,5.7132724,1
1212,45.1544071,5.7164581,1
1213,45.1544071,5.7196439,1
1214,45.1544071,5.7228296,1
1215,45.1544071,5.7260154,1
1216,45.1544071,5.7292011,1
1217,45.1544071,5.7323869,1
1218,45.1544071,5.7355726,1
1219,45.1544071,5.7387584,1
1220,45.1544071,5.7419442,1
1221,45.1544071,5.7451299,1
1222,45.1544071,5.7483157,1
1223,45.1544071,5.7515014,1
1224,45.1544071,5.7546872,1
1225,45.1544071,5.7578729,1
1226,45.1544071,5.7610587,1
1227,45.1544071,5.7642444,1
1228,45.1544071,5.7674302,1
1229,45.1544071,5.7706159,1
1230,45.1544071,5.7738017,0
1231,45.1544071,5.7769875,0
1232,45.1544071,5.7801732,0
1233,45.1544071,5.7833590,0
1234,45.1544071,5.7865447,0
1235,45.1544071,5.7897305,0
1236,45.1544071,5.7929162,0
1237,45.1544071,5.7961020,0
1238,45.1544071,5.7992877,0
1239,45.1544071,5.8024735,0
1240,45.1544071,5.8056592,0
1241,45.1544071,5.8088450,0
1242,45.1566529,5.6400000,0
1243,45.1566529,5.6431858,0
1244,45.1566529,5.6463715,0
1245,45.1566529,5.6495573,0
1246,45.1566529,5.6527430,0
1247,45.1566529,5.6559288,0
1248,45.1566529,5.6591145,0
1249,45.1566529,5.6623003,1
1250,45.1566529,5.6654860,1
1251,45.1566529,5.6686718,1
1252,45.1566529,5.6718575,1
1253,45.1566529,5.6750433,1
1254,45.1566529,5.6782291,1
1255,45.1566529,5.6814148,1
1256,45.1566529,5.6846006,1
1257,45.1566529,5.6877863,1
1258,45.1566529,5.6909721,1
1259,45.1566529,5.6941578,1
1260,45.1566529,5.6973436,1
1261,45.1566529,5.7005293,1
1262,45.1566529,5.7037151,1
1263,45.1566529,5.7069009,1
1264,45.1566529,5.7100866,1
1265,45.1566529,5.7132724,1
1266,45.1566529,5.7164581,1
1267,45.1566529,5.7196439,1
1268,45.1566529,5.7228296,1
1269,45.1566529,5.7260154,1
1270,45.1566529,5.7292011,1
1271,45.1566529,5.7323869,1
1272,45.1566529,5.7355726,1
1273,45.1566529,5.7387584,1
1274,45.1566529,5.7419442,1
1275,45.1566529,5.7451299,1
1276,45.1566529,5.7483157,1
1277,45.1566529,5.7515014,1
1278,45.1566529,5.7546872,1
1279,45.1566529,5.7578729,1
1280,45.1566529,5.7610587,1
1281,45.1566529,5.7642444,1
1282,45.1566529,5.7674302,1
1283,45.1566529,5.7706159,1
1284,45.1566529,5.7738017,1
1285,45.1566529,5.7769875,0
1286,45.1566529,5.7801732,0
1287,45.1566529,5.7833590,0
1288,45.1566529,5.7865447,0
1289,45.1566529,5.7897305,0
1290,45.1566529,5.7929162,0
1291,45.1566529,5.7961020,0
1292,45.1566529,5.7992877,0
1293,45.1566529,5.8024735,0
1294,45.1566529,5.8056592,0
1295,45.1566529,5.8088450,1
1296,45.1588987,5.6400000,0
1297,45.1588987,5.6431858,0
1298,45.1588987,5.6463715,0
1299,45.1588987,5.6495573,0
1300,45.1588987,5.6527430,0
1301,45.1588987,5.6559288,0
1302,45.1588987,5.6591145,0
1303,45.1588987,5.6623003,1
1304,45.1588987,5.6654860,1
1305,45.1588987,5.6686718,1
1306,45.1588987,5.6718575,1
1307,45.1588987,5.6750433,1
1308,45.1588987,5.6782291,1
1309,45.1588987,5.6814148,1
1310,45.1588987,5.6846006,1
1311,45.1588987,5.6877863,1
1312,45.1588987,5.6909721,1
1313,45.1588987,5.6941578,1
1314,45.1588987,5.6973436,1
1315,45.1588987,5.7005293,1
1316,45.1588987,5.7037151,1
1317,45.1588987,5.7069009,1
1318,45.1588987,5.7100866,1
1319,45.1588987,5.7132724,1
1320,45.1588987,5.7164581,1
1321,45.1588987,5.7196439,1
1322,45.1588987,5.7228296,1
1323,45.1588987,5.7260154,1
1324,45.1588987,5.7292011,1
1325,45.1588987,5.7323869,1
1326,45.1588987,5.7355726,1
1327,45.1588987,5.7387584,1
1328,45.1588987,5.7419442,1
1329,45.1588987,5.7451299,1
1330,45.1588987,5.7483157,1
1331,45.1588987,5.7515014,1
1332,45.1588987,5.7546872,1
1333,45.1588987,5.7578729,1
1334,45.1588987,5.7610587,1
1335,45.1588987,5.7642444,1
1336,45.1588987,5.7674302,1
1337,45.1588987,5.7706159,1
1338,45.1588987,5.7738017,1
1339,45.1588987,5.7769875,0
1340,45.1588987,5.7801732,0
1341,45.1588987,5.7833590,0
1342,45.1588987,5.7865447,0
1343,45.1588987,5.7897305,0
1344,45.1588987,5.7929162,0
1345,45.1588987,5.7961020,0
1346,45.1588987,5.7992877,0
1347,45.1588987,5.8024735,0
1348,45.1588987,5.8056592,1
1349,45.1588987,5.8088450,1
1350,45.1611444,5.6400000,0
1351,45.1611444,5.6431858,0
1352,45.1611444,5.6463715,0
1353,45.1611444,5.6495573,0
1354,45.1611444,5.6527430,0
1355,45.1611444,5.6559288,0
1356,45.1611444,5.6591145,0
1357,45.1611444,5.6623003,0
1358,45.1611444,5.6654860,1
1359,45.1611444,5.6686718,1
1360,45.1611444,5.6718575,1
1361,45.1611444,5.6750433,1
1362,45.1611444,5.6782291,1
1363,45.1611444,5.6814148,1
1364,45.1611444,5.6846006,1
1365,45.1611444,5.6877863,1
1366,45.1611444,5.6909721,1
1367,45.1611444,5.6941578,1
1368,45.1611444,5.6973436,1
1369,45.1611444,5.7005293,1
1370,45.1611444,5.7037151,1
1371,45.1611444,5.7069009,1
1372,45.1611444,5.7100866,1
1373,45.1611444,5.7132724,1
1374,45.1611444,5.7164581,1
1375,45.1611444,5.7196439,1
1376,45.1611444,5.7228296,1
1377,45.1611444,5.7260154,1
1378,45.1611444,5.7292011,1
1379,45.1611444,5.7323869,1
1380,45.1611444,5.7355726,1
1381,45.1611444,5.7387584,1
1382,45.1611444,5.7419442,1
1383,45.1611444,5.7451299,1
1384,45.1611444,5.7483157,1
1385,45.1611444,5.7515014,1
1386,45.1611444,5.7546872,1
1387,45.1611444,5.7578729,1
1388,45.1611444,5.7610587,1
1389,45.1611444,5.7642444,1
1390,45.1611444,5.7674302,1
1391,45.1611444,5.7706159,1
1392,45.1611444,5.7738017,1
1393,45.1611444,5.7769875,0
1394,45.1611444,5.7801732,0
1395,45.1611444,5.7833590,0
1396,45.1611444,5.7865447,0
1397,45.1611444,5.7897305,0
1398,45.1611444,5.7929162,0
1399,45.1611444,5.7961020,0
1400,45.1611444,5.7992877,0
1401,45.1611444,5.8024735,0
1402,45.1611444,5.8056592,1
1403,45.1611444,5.8088450,1
1404,45.1633902,5.6400000,0
1405,45.1633902,5.6431858,0
1406,45.1633902,5.6463715,0
1407,45.1633902,5.6495573,0
1408,45.1633902,5.6527430,0
1409,45.1633902,5.6559288,0
1410,45.1633902,5.6591145,0
1411,45.1633902,5.6623003,0
1412,45.1633902,5.6654860,1
1413,45.1633902,5.6686718,1
1414,45.1633902,5.6718575,1
1415,45.1633902,5.6750433,1
1416,45.1633902,5.6782291,1
1417,45.1633902,5.6814148,1
1418,45.1633902,5.6846006,1
1419,45.1633902,5.6877863,1
1420,45.1633902,5.6909721,1
1421,45.1633902,5.6941578,1
1422,45.1633902,5.6973436,1
1423,45.1633902,5.7005293,1
1424,45.1633902,5.7037151,1
1425,45.1633902,5.7069009,1
1426,45.1633902,5.7100866,1
1427,45.1633902,5.7132724,1
1428,45.1633902,5.7164581,1
1429,45.1633902,5.7196439,1
1430,45.1633902,5.7228296,1
1431,45.1633902,5.7260154,1
1432,45.1633902,5.7292011,1
1433,45.1633902,5.7323869,1
1434,45.1633902,5.7355726,1
1435,45.1633902,5.7387584,1
1436,45.1633902,5.7419442,1
1437,45.1633902,5.7451299,1
1438,45.1633902,5.7483157,1
1439,45.1633902,5.7515014,1
1440,45.1633902,5.7546872,1
1441,45.1633902,5.7578729,1
1442,45.1633902,5.7610587,1
1443,45.1633902,5.7642444,1
1444,45.1633902,5.7674302,1
1445,45.1633902,5.7706159,1
1446,45.1633902,5.7738017,1
1447,45.1633902,5.7769875,0
1448,45.1633902,5.7801732,0
1449,45.1633902,5.7833590,0
1450,45.1633902,5.7865447,0
1451,45.1633902,5.7897305,1
1452,45.1633902,5.7929162,1
1453,45.1633902,5.7961020,1
1454,45.1633902,5.7992877,1
1455,45.1633902,5.8024735,1
1456,45.1633902,5.8056592,1
1457,45.1633902,5.8088450,1
1458,45.1656360,5.6400000,0
1459,45.1656360,5.6431858,0
1460,45.1656360,5.6463715,0
1461,45.1656360,5.6495573,0
1462,45.1656360,5.6527430,0
1463,45.1656360,5.6559288,0
1464,45.1656360,5.6591145,0
1465,45.1656360,5.6623003,0
1466,45.1656360,5.6654860,1
1467,45.1656360,5.6686718,1
1468,45.1656360,5.6718575,1
1469,45.1656360,5.6750433,1
1470,45.1656360,5.6782291,1
1471,45.1656360,5.6814148,1
1472,45.1656360,5.6846006,1
1473,45.1656360,5.6877863,1
1474,45.1656360,5.6909721,1
1475,45.1656360,5.6941578,1
1476,45.1656360,5.6973436,1
1477,45.1656360,5.7005293,1
1478,45.1656360,5.7037151,1
1479,45.1656360,5.7069009,1
1480,45.1656360,5.7100866,1
1481,45.1656360,5.7132724,1
1482,45.1656360,5.7164581,1
1483,45.1656360,5.7196439,1
1484,45.1656360,5.7228296,1
1485,45.1656360,5.7260154,1
1486,45.1656360,5.7292011,1
1487,45.1656360,5.7323869,1
1488,45.1656360,5.7355726,1
1489,45.1656360,5.7387584,1
1490,45.1656360,5.7419442,1
1491,45.1656360,5.7451299,1
1492,45.1656360,5.7483157,1
1493,45.1656360,5.7515014,1
1494,45.1656360,5.7546872,1
1495,45.1656360,5.7578729,1
1496,45.1656360,5.7610587,1
1497,45.1656360,5.7642444,1
1498,45.1656360,5.7674302,1
1499,45.1656360,5.7706159,1
1500,45.1656360,5.7738017,1
1501,45.1656360,5.7769875,0
1502,45.1656360,5.7801732,0
1503,45.1656360,5.7833590,0
1504,45.1656360,5.7865447,1
1505,45.1656360,5.7897305,1
1506,45.1656360,5.7929162,1
1507,45.1656360,5.7961020,1
1508,45.1656360,5.7992877,1
1509,45.1656360,5.8024735,1
1510,45.1656360,5.8056592,1
1511,45.1656360,5.8088450,1
1512,45.1678818,5.6400000,0
1513,45.1678818,5.6431858,0
1514,45.1678818,5.6463715,0
1515,45.1678818,5.6495573,0
1516,45.1678818,5.6527430,0
1517,45.1678818,5.6559288,1
1518,45.1678818,5.6591145,1
1519,45.1678818,5.6623003,0
1520,45.1678818,5.6654860,0
1521,45.1678818,5.6686718,1
1522,45.1678818,5.6718575,1
1523,45.1678818,5.6750433,1
1524,45.1678818,5.6782291,1
1525,45.1678818,5.6814148,1
1526,45.1678818,5.6846006,1
1527,45.1678818,5.6877863,1
1528,45.1678818,5.6909721,1
1529,45.1678818,5.6941578,1
1530,45.1678818,5.6973436,1
1531,45.1678818,5.7005293,1
1532,45.1678818,5.7037151,1
1533,45.1678818,5.7069009,1
1534,45.1678818,5.7100866,1
1535,45.1678818,5.7132724,1
1536,45.1678818,5.7164581,1
1537,45.1678818,5.7196439,1
1538,45.1678818,5.7228296,1
1539,45.1678818,5.7260154,1
1540,45.1678818,5.7292011,1
1541,45.1678818,5.7323869,1
1542,45.1678818,5.7355726,1
1543,45.1678818,5.7387584,1
1544,45.1678818,5.7419442,1
1545,45.1678818,5.7451299,1
1546,45.1678818,5.7483157,1
1547,45.1678818,5.7515014,1
1548,45.1678818,5.7546872,1
1549,45.1678818,5.7578729,1
1550,45.1678818,5.7610587,1
1551,45.1678818,5.7642444,1
1552,45.1678818,5.7674302,1
1553,45.1678818,5.7706159,1
1554,45.1678818,5.7738017,1
1555,45.1678818,5.7769875,0
1556,45.1678818,5.7801732,0
1557,45.1678818,5.7833590,1
1558,45.1678818,5.7865447,1
1559,45.1678818,5.7897305,1
1560,45.1678818,5.7929162,1
1561,45.1678818,5.7961020,1
1562,45.1678818,5.7992877,1
1563,45.1678818,5.8024735,1
1564,45.1678818,5.8056592,1
1565,45.1678818,5.8088450,1
1566,45.1701276,5.6400000,0
1567,45.1701276,5.6431858,0
1568,45.1701276,5.6463715,0
1569,45.1701276,5.6495573,0
1570,45.1701276,5.6527430,1
1571,45.1701276,5.6559288,1
1572,45.1701276,5.6591145,1
1573,45.1701276,5.6623003,1
1574,45.1701276,5.6654860,1
1575,45.1701276,5.6686718,0
1576,45.1701276,5.6718575,1
1577,45.1701276,5.6750433,1
1578,45.1701276,5.6782291,1
1579,45.1701276,5.6814148,1
1580,45.1701276,5.6846006,1
1581,45.1701276,5.6877863,1
1582,45.1701276,5.6909721,1
1583,45.1701276,5.6941578,1
1584,45.1701276,5.6973436,1
1585,45.1701276,5.7005293,1
1586,45.1701276,5.7037151,1
1587,45.1701276,5.7069009,1
1588,45.1701276,5.7100866,1
1589,45.1701276,5.7132724,1
1590,45.1701276,5.7164581,1
1591,45.1701276,5.7196439,1
1592,45.1701276,5.7228296,1
1593,45.1701276,5.7260154,1
1594,45.1701276,5.7292011,1
1595,45.1701276,5.7323869,1
1596,45.1701276,5.7355726,1
1597,45.1701276,5.7387584,1
1598,45.1701276,5.7419442,1
1599,45.1701276,5.7451299,1
1600,45.1701276,5.7483157,1
1601,45.1701276,5.7515014,1
1602,45.1701276,5.7546872,1
1603,45.1701276,5.7578729,1
1604,45.1701276,5.7610587,1
1605,45.1701276,5.7642444,1
1606,45.1701276,5.7674302,1
1607,45.1701276,5.7706159,1
1608,45.1701276,5.7738017,1
1609,45.1701276,5.7769875,0
1610,45.1701276,5.7801732,0
1611,45.1701276,5.7833590,1
1612,45.1701276,5.7865447,1
1613,45.1701276,5.7897305,1
1614,45.1701276,5.7929162,1
1615,45.1701276,5.7961020,1
1616,45.1701276,5.7992877,1
1617,45.1701276,5.8024735,1
1618,45.1701276,5.8056592,1
1619,45.1701276,5.8088450,1
1620,45.1723733,5.6400000,0
1621,45.1723733,5.6431858,0
1622,45.1723733,5.6463715,0
1623,45.1723733,5.6495573,1
1624,45.1723733,5.6527430,1
1625,45.1723733,5.6559288,1
1626,45.1723733,5.6591145,1
1627,45.1723733,5.6623003,1
1628,45.1723733,5.6654860,1
1629,45.1723733,5.6686718,0
1630,45.1723733,5.6718575,1
1631,45.1723733,5.6750433,1
1632,45.1723733,5.6782291,1
1633,45.1723733,5.6814148,1
1634,45.1723733,5.6846006,1
1635,45.1723733,5.6877863,1
1636,45.1723733,5.6909721,1
1637,45.1723733,5.6941578,1
1638,45.1723733,5.6973436,1
1639,45.1723733,5.7005293,1
1640,45.1723733,5.7037151,1
1641,45.1723733,5.7069009,1
1642,45.1723733,5.7100866,1
1643,45.1723733,5.7132724,1
1644,45.1723733,5.7164581,1
1645,45.1723733,5.7196439,1
1646,45.1723733,5.7228296,1
1647,45.1723733,5.7260154,1
1648,45.1723733,5.7292011,1
1649,45.1723733,5.7323869,1
1650,45.1723733,5.7355726,1
1651,45.1723733,5.7387584,1
1652,45.1723733,5.7419442,1
1653,45.1723733,5.7451299,1
1654,45.1723733,5.7483157,1
1655,45.1723733,5.7515014,1
1656,45.1723733,5.7546872,1
1657,45.1723733,5.7578729,1
1658,45.1723733,5.7610587,1
1659,45.1723733,5.7642444,1
1660,45.1723733,5.7674302,1
1661,45.1723733,5.7706159,1
1662,45.1723733,5.7738017,1
1663,45.1723733,5.7769875,1
1664,45.1723733,5.7801732,1
1665,45.1723733,5.7833590,1
1666,45.1723733,5.7865447,1
1667,45.1723733,5.7897305,1
1668,45.1723733,5.7929162,1
1669,45.1723733,5.7961020,1
1670,45.1723733,5.7992877,1
1671,45.1723733,5.8024735,1
1672,45.1723733,5.8056592,1
1673,45.1723733,5.8088450,1
1674,45.1746191,5.6400000,0
1675,45.1746191,5.6431858,0
1676,45.1746191,5.6463715,0
1677,45.1746191,5.6495573,1
1678,45.1746191,5.6527430,1
1679,45.1746191,5.6559288,1
1680,45.1746191,5.6591145,1
1681,45.1746191,5.6623003,1
1682,45.1746191,5.6654860,1
1683,45.1746191,5.6686718,1
1684,45.1746191,5.6718575,0
1685,45.1746191,5.6750433,1
1686,45.1746191,5.6782291,1
1687,45.1746191,5.6814148,1
1688,45.1746191,5.6846006,1
1689,45.1746191,5.6877863,1
1690,45.1746191,5.6909721,1
1691,45.1746191,5.6941578,1
1692,45.1746191,5.6973436,1
1693,45.1746191,5.7005293,1
1694,45.1746191,5.7037151,1
1695,45.1746191,5.7069009,1
1696,45.1746191,5.7100866,1
1697,45.1746191,5.7132724,1
1698,45.1746191,5.7164581,1
1699,45.1746191,5.7196439,1
1700,45.1746191,5.7228296,1
1701,45.1746191,5.7260154,1
1702,45.1746191,5.7292011,1
1703,45.1746191,5.7323869,1
1704,45.1746191,5.7355726,1
1705,45.1746191,5.7387584,1
1706,45.1746191,5.7419442,1
1707,45.1746191,5.7451299,1
1708,45.1746191,5.7483157,1
1709,45.1746191,5.7515014,1
1710,45.1746191,5.7546872,1
1711,45.1746191,5.7578729,1
1712,45.1746191,5.7610587,1
1713,45.1746191,5.7642444,1
1714,45.1746191,5.7674302,1
1715,45.1746191,5.7706159,1
1716,45.1746191,5.7738017,1
1717,45.1746191,5.7769875,1
1718,45.1746191,5.7801732,1
1719,45.1746191,5.7833590,1
1720,45.1746191,5.7865447,1
1721,45.1746191,5.7897305,1
1722,45.1746191,5.7929162,1
1723,45.1746191,5.7961020,1
1724,45.1746191,5.7992877,1
1725,45.1746191,5.8024735,1
1726,45.1746191,5.8056592,1
1727,45.1746191,5.8088450,1
1728,45.1768649,5.6400000,0
1729,45.1768649,5.6431858,0
1730,45.1768649,5.6463715,0
1731,45.1768649,5.6495573,1
1732,45.1768649,5.6527430,1
1733,45.1768649,5.6559288,1
1734,45.1768649,5.6591145,1
1735,45.1768649,5.6623003,1
1736,45.1768649,5.6654860,1
1737,45.1768649,5.6686718,0
1738,45.1768649,5.6718575,0
1739,45.1768649,5.6750433,0
1740,45.1768649,5.6782291,1
1741,45.1768649,5.6814148,1
1742,45.1768649,5.6846006,1
1743,45.1768649,5.6877863,1
1744,45.1768649,5.6909721,1
1745,45.1768649,5.6941578,1
1746,45.1768649,5.6973436,1
1747,45.1768649,5.7005293,1
1748,45.1768649,5.7037151,1
1749,45.1768649,5.7069009,1
1750,45.1768649,5.7100866,1
1751,45.1768649,5.7132724,1
1752,45.1768649,5.7164581,1
1753,45.1768649,5.7196439,1
1754,45.1768649,5.7228296,1
1755,45.1768649,5.7260154,1
1756,45.1768649,5.7292011,1
1757,45.1768649,5.7323869,1
1758,45.1768649,5.7355726,1
1759,45.1768649,5.7387584,1
1760,45.1768649,5.7419442,1
1761,45.1768649,5.7451299,1
1762,45.1768649,5.7483157,1
1763,45.1768649,5.7515014,1
1764,45.1768649,5.7546872,1
1765,45.1768649,5.7578729,1
1766,45.1768649,5.7610587,1
1767,45.1768649,5.7642444,1
1768,45.1768649,5.7674302,1
1769,45.1768649,5.7706159,1
1770,45.1768649,5.7738017,1
1771,45.1768649,5.7769875,1
1772,45.1768649,5.7801732,1
1773,45.1768649,5.7833590,1
1774,45.1768649,5.7865447,1
1775,45.1768649,5.7897305,1
1776,45.1768649,5.7929162,1
1777,45.1768649,5.7961020,1
1778,45.1768649,5.7992877,1
1779,45.1768649,5.8024735,1
1780,45.1768649,5.8056592,1
1781,45.1768649,5.8088450,1
1782,45.1791107,5.6400000,0
1783,45.1791107,5.6431858,0
1784,45.1791107,5.6463715,0
1785,45.1791107,5.6495573,0
1786,45.1791107,5.6527430,1
1787,45.1791107,5.6559288,1
1788,45.1791107,5.6591145,1
1789,45.1791107,5.6623003,1
1790,45.1791107,5.6654860,1
1791,45.1791107,5.6686718,0
1792,45.1791107,5.6718575,0
1793,45.1791107,5.6750433,0
1794,45.1791107,5.6782291,0
1795,45.1791107,5.6814148,1
1796,45.1791107,5.6846006,1
1797,45.1791107,5.6877863,1
1798,45.1791107,5.6909721,1
1799,45.1791107,5.6941578,1
1800,45.1791107,5.6973436,1
1801,45.1791107,5.7005293,1
1802,45.1791107,5.7037151,1
1803,45.1791107,5.7069009,1
1804,45.1791107,5.7100866,1
1805,45.1791107,5.7132724,1
1806,45.1791107,5.7164581,1
1807,45.1791107,5.7196439,1
1808,45.1791107,5.7228296,1
1809,45.1791107,5.7260154,1
1810,45.1791107,5.7292011,1
1811,45.1791107,5.7323869,1
1812,45.1791107,5.7355726,1
1813,45.1791107,5.7387584,1
1814,45.1791107,5.7419442,1
1815,45.1791107,5.7451299,1
1816,45.1791107,5.7483157,1
1817,45.1791107,5.7515014,1
1818,45.1791107,5.7546872,1
1819,45.1791107,5.7578729,1
1820,45.1791107,5.7610587,1
1821,45.1791107,5.7642444,1
1822,45.1791107,5.7674302,1
1823,45.1791107,5.7706159,1
1824,45.1791107,5.7738017,1
1825,45.1791107,5.7769875,1
1826,45.1791107,5.7801732,1
1827,45.1791107,5.7833590,1
1828,45.1791107,5.7865447,1
1829,45.1791107,5.7897305,1
1830,45.1791107,5.7929162,1
1831,45.1791107,5.7961020,1
1832,45.1791107,5.7992877,1
1833,45.1791107,5.8024735,1
1834,45.1791107,5.8056592,1
1835,45.1791107,5.8088450,1
1836,45.1813564,5.6400000,0
1837,45.1813564,5.6431858,0
1838,45.1813564,5.6463715,0
1839,45.1813564,5.6495573,0
1840,45.1813564,5.6527430,0
1841,45.1813564,5.6559288,1
1842,45.1813564,5.6591145,1
1843,45.1813564,5.6623003,1
1844,45.1813564,5.6654860,0
1845,45.1813564,5.6686718,0
1846,45.1813564,5.6718575,0
1847,45.1813564,5.6750433,0
1848,45.1813564,5.6782291,0
1849,45.1813564,5.6814148,1
1850,45.1813564,5.6846006,1
1851,45.1813564,5.6877863,1
1852,45.1813564,5.6909721,1
1853,45.1813564,5.6941578,1
1854,45.1813564,5.6973436,1
1855,45.1813564,5.7005293,1
1856,45.1813564,5.7037151,1
1857,45.1813564,5.7069009,1
1858,45.1813564,5.7100866,1
1859,45.1813564,5.7132724,1
1860,45.1813564,5.7164581,1
1861,45.1813564,5.7196439,1
1862,45.1813564,5.7228296,1
1863,45.1813564,5.7260154,1
1864,45.1813564,5.7292011,1
1865,45.1813564,5.7323869,1
1866,45.1813564,5.7355726,1
1867,45.1813564,5.7387584,1
1868,45.1813564,5.7419442,1
1869,45.1813564,5.7451299,1
1870,45.1813564,5.7483157,1
1871,45.1813564,5.7515014,1
1872,45.1813564,5.7546872,1
1873,45.1813564,5.7578729,1
1874,45.1813564,5.7610587,1
1875,45.1813564,5.7642444,1
1876,45.1813564,5.7674302,1
1877,45.1813564,5.7706159,1
1878,45.1813564,5.7738017,1
1879,45.1813564,5.7769875,1
1880,45.1813564,5.7801732,1
1881,45.1813564,5.7833590,1
1882,45.1813564,5.7865447,1
1883,45.1813564,5.7897305,1
1884,45.1813564,5.7929162,1
1885,45.1813564,5.7961020,1
1886,45.1813564,5.7992877,1
1887,45.1813564,5.8024735,1
1888,45.1813564,5.8056592,1
1889,45.1813564,5.8088450,1
1890,45.1836022,5.6400000,0
1891,45.1836022,5.6431858,0
1892,45.1836022,5.6463715,0
1893,45.1836022,5.6495573,0
1894,45.1836022,5.6527430,0
1895,45.1836022,5.6559288,0
1896,45.1836022,5.6591145,0
1897,45.1836022,5.6623003,0
1898,45.1836022,5.6654860,0
1899,45.1836022,5.6686718,0
1900,45.1836022,5.6718575,0
1901,45.1836022,5.6750433,0
1902,45.1836022,5.6782291,1
1903,45.1836022,5.6814148,1
1904,45.1836022,5.6846006,1
1905,45.1836022,5.6877863,1
1906,45.1836022,5.6909721,1
1907,45.1836022,5.6941578,1
1908,45.1836022,5.6973436,1
1909,45.1836022,5.7005293,1
1910,45.1836022,5.7037151,1
1911,45.1836022,5.7069009,1
1912,45.1836022,5.7100866,1
1913,45.1836022,5.7132724,1
1914,45.1836022,5.7164581,1
1915,45.1836022,5.7196439,1
1916,45.1836022,5.7228296,1
1917,45.1836022,5.7260154,1
1918,45.1836022,5.7292011,1
1919,45.1836022,5.7323869,1
1920,45.1836022,5.7355726,1
1921,45.1836022,5.7387584,1
1922,45.1836022,5.7419442,1
1923,45.1836022,5.7451299,1
1924,45.1836022,5.7483157,1
1925,45.1836022,5.7515014,1
1926,45.1836022,5.7546872,1
1927,45.1836022,5.7578729,1
1928,45.1836022,5.7610587,1
1929,45.1836022,5.7642444,1
1930,45.1836022,5.7674302,1
1931,45.1836022,5.7706159,1
1932,45.1836022,5.7738017,1
1933,45.1836022,5.7769875,1
1934,45.1836022,5.7801732,1
1935,45.1836022,5.7833590,1
1936,45.1836022,5.7865447,1
1937,45.1836022,5.7897305,1
1938,45.1836022,5.7929162,1
1939,45.1836022,5.7961020,1
1940,45.1836022,5.7992877,1
1941,45.1836022,5.8024735,1
1942,45.1836022,5.8056592,1
1943,45.1836022,5.8088450,1
1944,45.1858480,5.6400000,0
1945,45.1858480,5.6431858,0
1946,45.1858480,5.6463715,0
1947,45.1858480,5.6495573,0
1948,45.1858480,5.6527430,0
1949,45.1858480,5.6559288,0
1950,45.1858480,5.6591145,0
1951,45.1858480,5.6623003,0
1952,45.1858480,5.6654860,0
1953,45.1858480,5.6686718,0
1954,45.1858480,5.6718575,0
1955,45.1858480,5.6750433,1
1956,45.1858480,5.6782291,1
1957,45.1858480,5.6814148,1
1958,45.1858480,5.6846006,1
1959,45.1858480,5.6877863,1
1960,45.1858480,5.6909721,1
1961,45.1858480,5.6941578,1
1962,45.1858480,5.6973436,1
1963,45.1858480,5.7005293,1
1964,45.1858480,5.7037151,1
1965,45.1858480,5.7069009,1
1966,45.1858480,5.7100866,1
1967,45.1858480,5.7132724,1
1968,45.1858480,5.7164581,1
1969,45.1858480,5.7196439,1
1970,45.1858480,5.7228296,1
1971,45.1858480,5.7260154,1
1972,45.1858480,5.7292011,1
1973,45.1858480,5.7323869,1
1974,45.1858480,5.7355726,1
1975,45.1858480,5.7387584,1
1976,45.1858480,5.7419442,1
1977,45.1858480,5.7451299,1
1978,45.1858480,5.7483157,1
1979,45.1858480,5.7515014,1
1980,45.1858480,5.7546872,1
1981,45.1858480,5.7578729,1
1982,45.1858480,5.7610587,1
1983,45.1858480,5.7642444,1
1984,45.1858480,5.7674302,1
1985,45.1858480,5.7706159,1
1986,45.1858480,5.7738017,1
1987,45.1858480,5.7769875,1
1988,45.1858480,5.7801732,1
1989,45.1858480,5.7833590,1
1990,45.1858480,5.7865447,1
1991,45.1858480,5.7897305,1
1992,45.1858480,5.7929162,1
1993,45.1858480,5.7961020,1
1994,45.1858480,5.7992877,1
1995,45.1858480,5.8024735,1
1996,45.1858480,5.8056592,1
1997,45.1858480,5.8088450,1
1998,45.1880938,5.6400000,0
1999,45.1880938,5.6431858,0
2000,45.1880938,5.6463715,0
2001,45.1880938,5.6495573,0
2002,45.1880938,5.6527430,0
2003,45.1880938,5.6559288,0
2004,45.1880938,5.6591145,0
2005,45.1880938,5.6623003,0
2006,45.1880938,5.6654860,0
2007,45.1880938,5.6686718,0
2008,45.1880938,5.6718575,1
2009,45.1880938,5.6750433,1
2010,45.1880938,5.6782291,1
2011,45.1880938,5.6814148,1
2012,45.1880938,5.6846006,1
2013,45.1880938,5.6877863,1
2014,45.1880938,5.6909721,1
2015,45.1880938,5.6941578,1
2016,45.1880938,5.6973436,1
2017,45.1880938,5.7005293,1
2018,45.1880938,5.7037151,1
2019,45.1880938,5.7069009,1
2020,45.1880938,5.7100866,1
2021,45.1880938,5.7132724,1
2022,45.1880938,5.7164581,1
2023,45.1880938,5.7196439,1
2024,45.1880938,5.7228296,1
2025,45.1880938,5.7260154,1
2026,45.1880938,5.7292011,1
2027,45.1880938,5.7323869,1
2028,45.1880938,5.7355726,1
2029,45.1880938,5.7387584,1
2030,45.1880938,5.7419442,1
2031,45.1880938,5.7451299,1
2032,45.1880938,5.7483157,1
2033,45.1880938,5.7515014,1
2034,45.1880938,5.7546872,1
2035,45.1880938,5.7578729,1
2036,45.1880938,5.7610587,1
2037,45.1880938,5.7642444,1
2038,45.1880938,5.7674302,1
2039,45.1880938,5.7706159,1
2040,45.1880938,5.7738017,1
2041,45.1880938,5.7769875,1
2042,45.1880938,5.7801732,1
2043,45.1880938,5.7833590,1
2044,45.1880938,5.7865447,1
2045,45.1880938,5.7897305,1
2046,45.1880938,5.7929162,1
2047,45.1880938,5.7961020,1
2048,45.1880938,5.7992877,1
2049,45.1880938,5.8024735,1
2050,45.1880938,5.8056592,1
2051,45.1880938,5.8088450,1
2052,45.1903396,5.6400000,0
2053,45.1903396,5.6431858,0
2054,45.1903396,5.6463715,0
2055,45.1903396,5.6495573,0
2056,45.1903396,5.6527430,0
2057,45.1903396,5.6559288,0
2058,45.1903396,5.6591145,0
2059,45.1903396,5.6623003,0
2060,45.1903396,5.6654860,0
2061,45.1903396,5.6686718,1
2062,45.1903396,5.6718575,1
2063,45.1903396,5.6750433,1
2064,45.1903396,5.6782291,1
2065,45.1903396,5.6814148,1
2066,45.1903396,5.6846006,1
2067,45.1903396,5.6877863,1
2068,45.1903396,5.6909721,1
2069,45.1903396,5.6941578,1
2070,45.1903396,5.6973436,1
2071,45.1903396,5.7005293,1
2072,45.1903396,5.7037151,1
2073,45.1903396,5.7069009,1
2074,45.1903396,5.7100866,1
2075,45.1903396,5.7132724,1
2076,45.1903396,5.7164581,1
2077,45.1903396,5.7196439,1
2078,45.1903396,5.7228296,1
2079,45.1903396,5.7260154,1
2080,45.1903396,5.7292011,1
2081,45.1903396,5.7323869,1
2082,45.1903396,5.7355726,1
2083,45.1903396,5.7387584,1
2084,45.1903396,5.7419442,1
2085,45.1903396,5.7451299,1
2086,45.1903396,5.7483157,1
2087,45.1903396,5.7515014,1
2088,45.1903396,5.7546872,1
2089,45.1903396,5.7578729,1
2090,45.1903396,5.7610587,1
2091,45.1903396,5.7642444,1
2092,45.1903396,5.7674302,1
2093,45.1903396,5.7706159,1
2094,45.1903396,5.7738017,1
2095,45.1903396,5.7769875,1
2096,45.1903396,5.7801732,1
2097,45.1903396,5.7833590,1
2098,45.1903396,5.7865447,1
2099,45.1903396,5.7897305,1
2100,45.1903396,5.7929162,1
2101,45.1903396,5.7961020,1
2102,45.1903396,5.7992877,1
2103,45.1903396,5.8024735,1
2104,45.1903396,5.8056592,1
2105,45.1903396,5.8088450,1
2106,45.1925853,5.6400000,0
2107,45.1925853,5.6431858,0
2108,45.1925853,5.6463715,0
2109,45.1925853,5.6495573,0
2110,45.1925853,5.6527430,0
2111,45.1925853,5.6559288,0
2112,45.1925853,5.6591145,0
2113,45.1925853,5.6623003,0
2114,45.1925853,5.6654860,1
2115,45.1925853,5.6686718,1
2116,45.1925853,5.6718575,1
2117,45.1925853,5.6750433,1
2118,45.1925853,5.6782291,1
2119,45.1925853,5.6814148,1
2120,45.1925853,5.6846006,1
2121,45.1925853,5.6877863,1
2122,45.1925853,5.6909721,1
2123,45.1925853,5.6941578,1
2124,45.1925853,5.6973436,1
2125,45.1925853,5.7005293,1
2126,45.1925853,5.7037151,1
2127,45.1925853,5.7069009,1
2128,45.1925853,5.7100866,1
2129,45.1925853,5.7132724,1
2130,45.1925853,5.7164581,1
2131,45.1925853,5.7196439,1
2132,45.1925853,5.7228296,1
2133,45.1925853,5.7260154,1
2134,45.1925853,5.7292011,1
2135,45.1925853,5.7323869,1
2136,45.1925853,5.7355726,1
2137,45.1925853,5.7387584,1
2138,45.1925853,5.7419442,1
2139,45.1925853,5.7451299,1
2140,45.1925853,5.7483157,1
2141,45.1925853,5.7515014,1
2142,45.1925853,5.7546872,1
2143,45.1925853,5.7578729,1
2144,45.1925853,5.7610587,1
2145,45.1925853,5.7642444,1
2146,45.1925853,5.7674302,1
2147,45.1925853,5.7706159,1
2148,45.1925853,5.7738017,1
2149,45.1925853,5.7769875,1
2150,45.1925853,5.7801732,1
2151,45.1925853,5.7833590,1
2152,45.1925853,5.7865447,1
2153,45.1925853,5.7897305,1
2154,45.1925853,5.7929162,0
2155,45.1925853,5.7961020,0
2156,45.1925853,5.7992877,0
2157,45.1925853,5.8024735,1
2158,45.1925853,5.8056592,1
2159,45.1925853,5.8088450,1
2160,45.1948311,5.6400000,0
2161,45.1948311,5.6431858,0
2162,45.1948311,5.6463715,0
2163,45.1948311,5.6495573,0
2164,45.1948311,5.6527430,0
2165,45.1948311,5.6559288,0
2166,45.1948311,5.6591145,0
2167,45.1948311,5.6623003,1
2168,45.1948311,5.6654860,1
2169,45.1948311,5.6686718,1
2170,45.1948311,5.6718575,1
2171,45.1948311,5.6750433,1
2172,45.1948311,5.6782291,1
2173,45.1948311,5.6814148,1
2174,45.1948311,5.6846006,1
2175,45.1948311,5.6877863,1
2176,45.1948311,5.6909721,1
2177,45.1948311,5.6941578,1
2178,45.1948311,5.6973436,1
2179,45.1948311,5.7005293,1
2180,45.1948311,5.7037151,1
2181,45.1948311,5.7069009,1
2182,45.1948311,5.7100866,1
2183,45.1948311,5.7132724,1
2184,45.1948311,5.7164581,1
2185,45.1948311,5.7196439,1
2186,45.1948311,5.7228296,1
2187,45.1948311,5.7260154,1
2188,45.1948311,5.7292011,1
2189,45.1948311,5.7323869,1
2190,45.1948311,5.7355726,1
2191,45.1948311,5.7387584,1
2192,45.1948311,5.7419442,1
2193,45.1948311,5.7451299,1
2194,45.1948311,5.7483157,1
2195,45.1948311,5.7515014,1
2196,45.1948311,5.7546872,1
2197,45.1948311,5.7578729,1
2198,45.1948311,5.7610587,1
2199,45.1948311,5.7642444,1
2200,45.1948311,5.7674302,1
2201,45.1948311,5.7706159,1
2202,45.1948311,5.7738017,1
2203,45.1948311,5.7769875,1
2204,45.1948311,5.7801732,1
2205,45.1948311,5.7833590,1
2206,45.1948311,5.7865447,0
2207,45.1948311,5.7897305,0
2208,45.1948311,5.7929162,0
2209,45.1948311,5.7961020,0
2210,45.1948311,5.7992877,0
2211,45.1948311,5.8024735,0
2212,45.1948311,5.8056592,1
2213,45.1948311,5.8088450,1
2214,45.1970769,5.6400000,0
2215,45.1970769,5.6431858,0
2216,45.1970769,5.6463715,0
2217,45.1970769,5.6495573,0
2218,45.1970769,5.6527430,0
2219,45.1970769,5.6559288,0
2220,45.1970769,5.6591145,0
2221,45.1970769,5.6623003,1
2222,45.1970769,5.6654860,1
2223,45.1970769,5.6686718,1
2224,45.1970769,5.6718575,1
2225,45.1970769,5.6750433,1
2226,45.1970769,5.6782291,1
2227,45.1970769,5.6814148,1
2228,45.1970769,5.6846006,1
2229,45.1970769,5.6877863,1
2230,45.1970769,5.6909721,1
2231,45.1970769,5.6941578,1
2232,45.1970769,5.6973436,1
2233,45.1970769,5.7005293,1
2234,45.1970769,5.7037151,1
2235,45.1970769,5.7069009,1
2236,45.1970769,5.7100866,1
2237,45.1970769,5.7132724,1
2238,45.1970769,5.7164581,1
2239,45.1970769,5.7196439,1
2240,45.1970769,5.7228296,1
2241,45.1970769,5.7260154,1
2242,45.1970769,5.7292011,1
2243,45.1970769,5.7323869,1
2244,45.1970769,5.7355726,1
2245,45.1970769,5.7387584,1
2246,45.1970769,5.7419442,1
2247,45.1970769,5.7451299,1
2248,45.1970769,5.7483157,1
2249,45.1970769,5.7515014,1
2250,45.1970769,5.7546872,1
2251,45.1970769,5.7578729,1
2252,45.1970769,5.7610587,1
2253,45.1970769,5.7642444,1
2254,45.1970769,5.7674302,1
2255,45.1970769,5.7706159,1
2256,45.1970769,5.7738017,1
2257,45.1970769,5.7769875,1
2258,45.1970769,5.7801732,1
2259,45.1970769,5.7833590,1
2260,45.1970769,5.7865447,0
2261,45.1970769,5.7897305,0
2262,45.1970769,5.7929162,0
2263,45.1970769,5.7961020,0
2264,45.1970769,5.7992877,0
2265,45.1970769,5.8024735,0
2266,45.1970769,5.8056592,0
2267,45.1970769,5.8088450,0
2268,45.1993227,5.6400000,0
2269,45.1993227,5.6431858,0
2270,45.1993227,5.6463715,0
2271,45.1993227,5.6495573,0
2272,45.1993227,5.6527430,0
2273,45.1993227,5.6559288,0
2274,45.1993227,5.6591145,1
2275,45.1993227,5.6623003,1
2276,45.1993227,5.6654860,1
2277,45.1993227,5.6686718,1
2278,45.1993227,5.6718575,1
2279,45.1993227,5.6750433,1
2280,45.1993227,5.6782291,1
2281,45.1993227,5.6814148,1
2282,45.1993227,5.6846006,1
2283,45.1993227,5.6877863,1
2284,45.1993227,5.6909721,1
2285,45.1993227,5.6941578,1
2286,45.1993227,5.6973436,1
2287,45.1993227,5.7005293,1
2288,45.1993227,5.7037151,1
2289,45.1993227,5.7069009,1
2290,45.1993227,5.7100866,1
2291,45.1993227,5.7132724,1
2292,45.1993227,5.7164581,1
2293,45.1993227,5.7196439,1
2294,45.1993227,5.7228296,1
2295,45.1993227,5.7260154,1
2296,45.1993227,5.7292011,1
2297,45.1993227,5.7323869,1
2298,45.1993227,5.7355726,1
2299,45.1993227,5.7387584,1
2300,45.1993227,5.7419442,1
2301,45.1993227,5.7451299,1
2302,45.1993227,5.7483157,1
2303,45.1993227,5.7515014,1
2304,45.1993227,5.7546872,1
2305,45.1993227,5.7578729,1
2306,45.1993227,5.7610587,1
2307,45.1993227,5.7642444,1
2308,45.1993227,5.7674302,1
2309,45.1993227,5.7706159,1
2310,45.1993227,5.7738017,1
2311,45.1993227,5.7769875,1
2312,45.1993227,5.7801732,1
2313,45.1993227,5.7833590,1
2314,45.1993227,5.7865447,0
2315,45.1993227,5.7897305,0
2316,45.1993227,5.7929162,0
2317,45.1993227,5.7961020,0
2318,45.1993227,5.7992877,0
2319,45.1993227,5.8024735,0
2320,45.1993227,5.8056592,0
2321,45.1993227,5.8088450,0
2322,45.2015685,5.6400000,0
2323,45.2015685,5.6431858,0
2324,45.2015685,5.6463715,0
2325,45.2015685,5.6495573,0
2326,45.2015685,5.6527430,0
2327,45.2015685,5.6559288,1
2328,45.2015685,5.6591145,1
2329,45.2015685,5.6623003,1
2330,45.2015685,5.6654860,1
2331,45.2015685,5.6686718,1
2332,45.2015685,5.6718575,1
2333,45.2015685,5.6750433,1
2334,45.2015685,5.6782291,1
2335,45.2015685,5.6814148,1
2336,45.2015685,5.6846006,1
2337,45.2015685,5.6877863,1
2338,45.2015685,5.6909721,1
2339,45.2015685,5.6941578,1
2340,45.2015685,5.6973436,1
2341,45.2015685,5.7005293,1
2342,45.2015685,5.7037151,1
2343,45.2015685,5.7069009,1
2344,45.2015685,5.7100866,1
2345,45.2015685,5.7132724,1
2346,45.2015685,5.7164581,1
2347,45.2015685,5.7196439,1
2348,45.2015685,5.7228296,1
2349,45.2015685,5.7260154,1
2350,45.2015685,5.7292011,1
2351,45.2015685,5.7323869,1
2352,45.2015685,5.7355726,1
2353,45.2015685,5.7387584,1
2354,45.2015685,5.7419442,1
2355,45.2015685,5.7451299,1
2356,45.2015685,5.7483157,1
2357,45.2015685,5.7515014,1
2358,45.2015685,5.7546872,1
2359,45.2015685,5.7578729,1
2360,45.2015685,5.7610587,1
2361,45.2015685,5.7642444,1
2362,45.2015685,5.7674302,1
2363,45.2015685,5.7706159,1
2364,45.2015685,5.7738017,1
2365,45.2015685,5.7769875,1
2366,45.2015685,5.7801732,1
2367,45.2015685,5.7833590,1
2368,45.2015685,5.7865447,1
2369,45.2015685,5.7897305,1
2370,45.2015685,5.7929162,1
2371,45.2015685,5.7961020,0
2372,45.2015685,5.7992877,0
2373,45.2015685,5.8024735,0
2374,45.2015685,5.8056592,0
2375,45.2015685,5.8088450,0
2376,45.2038142,5.6400000,0
2377,45.2038142,5.6431858,1
2378,45.2038142,5.6463715,1
2379,45.2038142,5.6495573,1
2380,45.2038142,5.6527430,1
2381,45.2038142,5.6559288,1
2382,45.2038142,5.6591145,1
2383,45.2038142,5.6623003,1
2384,45.2038142,5.6654860,1
2385,45.2038142,5.6686718,1
2386,45.2038142,5.6718575,1
2387,45.2038142,5.6750433,1
2388,45.2038142,5.6782291,1
2389,45.2038142,5.6814148,1
2390,45.2038142,5.6846006,1
2391,45.2038142,5.6877863,1
2392,45.2038142,5.6909721,1
2393,45.2038142,5.6941578,1
2394,45.2038142,5.6973436,1
2395,45.2038142,5.7005293,1
2396,45.2038142,5.7037151,1
2397,45.2038142,5.7069009,1
2398,45.2038142,5.7100866,1
2399,45.2038142,5.7132724,1
2400,45.2038142,5.7164581,1
2401,45.2038142,5.7196439,1
2402,45.2038142,5.7228296,1
2403,45.2038142,5.7260154,1
2404,45.2038142,5.7292011,1
2405,45.2038142,5.7323869,1
2406,45.2038142,5.7355726,1
2407,45.2038142,5.7387584,1
2408,45.2038142,5.7419442,1
2409,45.2038142,5.7451299,1
2410,45.2038142,5.7483157,1
2411,45.2038142,5.7515014,1
2412,45.2038142,5.7546872,1
2413,45.2038142,5.7578729,1
2414,45.2038142,5.7610587,1
2415,45.2038142,5.7642444,1
2416,45.2038142,5.7674302,1
2417,45.2038142,5.7706159,1
2418,45.2038142,5.7738017,1
2419,45.2038142,5.7769875,1
2420,45.2038142,5.7801732,1
2421,45.2038142,5.7833590,1
2422,45.2038142,5.7865447,1
2423,45.2038142,5.7897305,1
2424,45.2038142,5.7929162,1
2425,45.2038142,5.7961020,1
2426,45.2038142,5.7992877,1
2427,45.2038142,5.8024735,1
2428,45.2038142,5.8056592,0
2429,45.2038142,5.8088450,0
2430,45.2060600,5.6400000,1
2431,45.2060600,5.6431858,1
2432,45.2060600,5.6463715,1
2433,45.2060600,5.6495573,1
2434,45.2060600,5.6527430,1
2435,45.2060600,5.6559288,1
2436,45.2060600,5.6591145,1
2437,45.2060600,5.6623003,1
2438,45.2060600,5.6654860,1
2439,45.2060600,5.6686718,1
2440,45.2060600,5.6718575,1
2441,45.2060600,5.6750433,1
2442,45.2060600,5.6782291,1
2443,45.2060600,5.6814148,1
2444,45.2060600,5.6846006,1
2445,45.2060600,5.6877863,1
2446,45.2060600,5.6909721,1
2447,45.2060600,5.6941578,1
2448,45.2060600,5.6973436,1
2449,45.2060600,5.7005293,1
2450,45.2060600,5.7037151,1
2451,45.2060600,5.7069009,1
2452,45.2060600,5.7100866,1
2453,45.2060600,5.7132724,1
2454,45.2060600,5.7164581,1
2455,45.2060600,5.7196439,1
2456,45.2060600,5.7228296,1
2457,45.2060600,5.7260154,1
2458,45.2060600,5.7292011,1
2459,45.2060600,5.7323869,1
2460,45.2060600,5.7355726,1
2461,45.2060600,5.7387584,1
2462,45.2060600,5.7419442,1
2463,45.2060600,5.7451299,1
2464,45.2060600,5.7483157,1
2465,45.2060600,5.7515014,1
2466,45.2060600,5.7546872,1
2467,45.2060600,5.7578729,1
2468,45.2060600,5.7610587,1
2469,45.2060600,5.7642444,1
2470,45.2060600,5.7674302,1
2471,45.2060600,5.7706159,1
2472,45.2060600,5.7738017,1
2473,45.2060600,5.7769875,1
2474,45.2060600,5.7801732,1
2475,45.2060600,5.7833590,1
2476,45.2060600,5.7865447,1
2477,45.2060600,5.7897305,1
2478,45.2060600,5.7929162,1
2479,45.2060600,5.7961020,1
2480,45.2060600,5.7992877,1
2481,45.2060600,5.8024735,1
2482,45.2060600,5.8056592,1
2483,45.2060600,5.8088450,0
2484,45.2083058,5.6400000,1
2485,45.2083058,5.6431858,1
2486,45.2083058,5.6463715,1
2487,45.2083058,5.6495573,1
2488,45.2083058,5.6527430,1
2489,45.2083058,5.6559288,1
2490,45.2083058,5.6591145,1
2491,45.2083058,5.6623003,1
2492,45.2083058,5.6654860,1
2493,45.2083058,5.6686718,1
2494,45.2083058,5.6718575,1
2495,45.2083058,5.6750433,1
2496,45.2083058,5.6782291,1
2497,45.2083058,5.6814148,1
2498,45.2083058,5.6846006,1
2499,45.2083058,5.6877863,1
2500,45.2083058,5.6909721,1
2501,45.2083058,5.6941578,1
2502,45.2083058,5.6973436,1
2503,45.2083058,5.7005293,1
2504,45.2083058,5.7037151,1
2505,45.2083058,5.7069009,1
2506,45.2083058,5.7100866,1
2507,45.2083058,5.7132724,1
2508,45.2083058,5.7164581,1
2509,45.2083058,5.7196439,1
2510,45.2083058,5.7228296,1
2511,45.2083058,5.7260154,1
2512,45.2083058,5.7292011,1
2513,45.2083058,5.7323869,1
2514,45.2083058,5.7355726,1
2515,45.2083058,5.7387584,1
2516,45.2083058,5.7419442,1
2517,45.2083058,5.7451299,1
2518,45.2083058,5.7483157,1
2519,45.2083058,5.7515014,1
2520,45.2083058,5.7546872,1
2521,45.2083058,5.7578729,1
2522,45.2083058,5.7610587,1
2523,45.2083058,5.7642444,1
2524,45.2083058,5.7674302,1
2525,45.2083058,5.7706159,1
2526,45.2083058,5.7738017,1
2527,45.2083058,5.7769875,1
2528,45.2083058,5.7801732,1
2529,45.2083058,5.7833590,1
2530,45.2083058,5.7865447,1
2531,45.2083058,5.7897305,1
2532,45.2083058,5.7929162,1
2533,45.2083058,5.7961020,1
2534,45.2083058,5.7992877,1
2535,45.2083058,5.8024735,1
2536,45.2083058,5.8056592,1
2537,45.2083058,5.8088450,1
2538,45.2105516,5.6400000,1
2539,45.2105516,5.6431858,1
2540,45.2105516,5.6463715,1
2541,45.2105516,5.6495573,1
2542,45.2105516,5.6527430,1
2543,45.2105516,5.6559288,1
2544,45.2105516,5.6591145,1
2545,45.2105516,5.6623003,1
2546,45.2105516,5.6654860,1
2547,45.2105516,5.6686718,1
2548,45.2105516,5.6718575,1
2549,45.2105516,5.6750433,1
2550,45.2105516,5.6782291,1
2551,45.2105516,5.6814148,1
2552,45.2105516,5.6846006,1
2553,45.2105516,5.6877863,1
2554,45.2105516,5.6909721,1
2555,45.2105516,5.6941578,1
2556,45.2105516,5.6973436,1
2557,45.2105516,5.7005293,1
2558,45.2105516,5.7037151,1
2559,45.2105516,5.7069009,1
2560,45.2105516,5.7100866,1
2561,45.2105516,5.7132724,1
2562,45.2105516,5.7164581,1
2563,45.2105516,5.7196439,1
2564,45.2105516,5.7228296,1
2565,45.2105516,5.7260154,1
2566,45.2105516,5.7292011,0
2567,45.2105516,5.7323869,1
2568,45.2105516,5.7355726,1
2569,45.2105516,5.7387584,1
2570,45.2105516,5.7419442,1
2571,45.2105516,5.7451299,1
2572,45.2105516,5.7483157,1
2573,45.2105516,5.7515014,1
2574,45.2105516,5.7546872,1
2575,45.2105516,5.7578729,1
2576,45.2105516,5.7610587,1
2577,45.2105516,5.7642444,1
2578,45.2105516,5.7674302,1
2579,45.2105516,5.7706159,1
2580,45.2105516,5.7738017,1
2581,45.2105516,5.7769875,1
2582,45.2105516,5.7801732,1
2583,45.2105516,5.7833590,1
2584,45.2105516,5.7865447,1
2585,45.2105516,5.7897305,1
2586,45.2105516,5.7929162,1
2587,45.2105516,5.7961020,1
2588,45.2105516,5.7992877,1
2589,45.2105516,5.8024735,1
2590,45.2105516,5.8056592,1
2591,45.2105516,5.8088450,1
2592,45.2127973,5.6400000,1
2593,45.2127973,5.6431858,1
2594,45.2127973,5.6463715,1
2595,45.2127973,5.6495573,1
2596,45.2127973,5.6527430,1
2597,45.2127973,5.6559288,1
2598,45.2127973,5.6591145,1
2599,45.2127973,5.6623003,1
2600,45.2127973,5.6654860,1
2601,45.2127973,5.6686718,1
2602,45.2127973,5.6718575,1
2603,45.2127973,5.6750433,1
2604,45.2127973,5.6782291,1
2605,45.2127973,5.6814148,1
2606,45.2127973,5.6846006,1
2607,45.2127973,5.6877863,1
2608,45.2127973,5.6909721,1
2609,45.2127973,5.6941578,1
2610,45.2127973,5.6973436,1
2611,45.2127973,5.7005293,1
2612,45.2127973,5.7037151,1
2613,45.2127973,5.7069009,1
2614,45.2127973,5.7100866,1
2615,45.2127973,5.7132724,1
2616,45.2127973,5.7164581,1
2617,45.2127973,5.7196439,1
2618,45.2127973,5.7228296,1
2619,45.2127973,5.7260154,1
2620,45.2127973,5.7292011,1
2621,45.2127973,5.7323869,0
2622,45.2127973,5.7355726,1
2623,45.2127973,5.7387584,1
2624,45.2127973,5.7419442,1
2625,45.2127973,5.7451299,1
2626,45.2127973,5.7483157,1
2627,45.2127973,5.7515014,1
2628,45.2127973,5.7546872,1
2629,45.2127973,5.7578729,1
2630,45.2127973,5.7610587,1
2631,45.2127973,5.7642444,1
2632,45.2127973,5.7674302,1
2633,45.2127973,5.7706159,1
2634,45.2127973,5.7738017,1
2635,45.2127973,5.7769875,1
2636,45.2127973,5.7801732,1
2637,45.2127973,5.7833590,1
2638,45.2127973,5.7865447,1
2639,45.2127973,5.7897305,1
2640,45.2127973,5.7929162,1
2641,45.2127973,5.7961020,1
2642,45.2127973,5.7992877,1
2643,45.2127973,5.8024735,1
2644,45.2127973,5.8056592,1
2645,45.2127973,5.8088450,1
2646,45.2150431,5.6400000,1
2647,45.2150431,5.6431858,1
2648,45.2150431,5.6463715,1
2649,45.2150431,5.6495573,1
2650,45.2150431,5.6527430,1
2651,45.2150431,5.6559288,1
2652,45.2150431,5.6591145,1
2653,45.2150431,5.6623003,1
2654,45.2150431,5.6654860,1
2655,45.2150431,5.6686718,1
2656,45.2150431,5.6718575,1
2657,45.2150431,5.6750433,1
2658,45.2150431,5.6782291,1
2659,45.2150431,5.6814148,1
2660,45.2150431,5.6846006,1
2661,45.2150431,5.6877863,1
2662,45.2150431,5.6909721,1
2663,45.2150431,5.6941578,1
2664,45.2150431,5.6973436,1
2665,45.2150431,5.7005293,1
2666,45.2150431,5.7037151,1
2667,45.2150431,5.7069009,1
2668,45.2150431,5.7100866,1
2669,45.2150431,5.7132724,1
2670,45.2150431,5.7164581,1
2671,45.2150431,5.7196439,1
2672,45.2150431,5.7228296,1
2673,45.2150431,5.7260154,1
2674,45.2150431,5.7292011,1
2675,45.2150431,5.7323869,0
2676,45.2150431,5.7355726,0
2677,45.2150431,5.7387584,1
2678,45.2150431,5.7419442,1
2679,45.2150431,5.7451299,1
2680,45.2150431,5.7483157,1
2681,45.2150431,5.7515014,1
2682,45.2150431,5.7546872,1
2683,45.2150431,5.7578729,1
2684,45.2150431,5.7610587,1
2685,45.2150431,5.7642444,1
2686,45.2150431,5.7674302,1
2687,45.2150431,5.7706159,1
2688,45.2150431,5.7738017,1
2689,45.2150431,5.7769875,1
2690,45.2150431,5.7801732,1
2691,45.2150431,5.7833590,1
2692,45.2150431,5.7865447,1
2693,45.2150431,5.7897305,1
2694,45.2150431,5.7929162,1
2695,45.2150431,5.7961020,1
2696,45.2150431,5.7992877,1
2697,45.2150431,5.8024735,1
2698,45.2150431,5.8056592,1
2699,45.2150431,5.8088450,1
2700,45.2172889,5.6400000,1
2701,45.2172889,5.6431858,1
2702,45.2172889,5.6463715,1
2703,45.2172889,5.6495573,1
2704,45.2172889,5.6527430,1
2705,45.2172889,5.6559288,1
2706,45.2172889,5.6591145,1
2707,45.2172889,5.6623003,1
2708,45.2172889,5.6654860,1
2709,45.2172889,5.6686718,1
2710,45.2172889,5.6718575,1
2711,45.2172889,5.6750433,1
2712,45.2172889,5.6782291,1
2713,45.2172889,5.6814148,1
2714,45.2172889,5.6846006,1
2715,45.2172889,5.6877863,1
2716,45.2172889,5.6909721,1
2717,45.2172889,5.6941578,1
2718,45.2172889,5.6973436,1
2719,45.2172889,5.7005293,1
2720,45.2172889,5.7037151,1
2721,45.2172889,5.7069009,1
2722,45.2172889,5.7100866,1
2723,45.2172889,5.7132724,1
2724,45.2172889,5.7164581,1
2725,45.2172889,5.7196439,1
2726,45.2172889,5.7228296,1
2727,45.2172889,5.7260154,1
2728,45.2172889,5.7292011,1
2729,45.2172889,5.7323869,0
2730,45.2172889,5.7355726,0
2731,45.2172889,5.7387584,1
2732,45.2172889,5.7419442,1
2733,45.2172889,5.7451299,1
2734,45.2172889,5.7483157,1
2735,45.2172889,5.7515014,1
2736,45.2172889,5.7546872,1
2737,45.2172889,5.7578729,1
2738,45.2172889,5.7610587,1
2739,45.2172889,5.7642444,1
2740,45.2172889,5.7674302,1
2741,45.2172889,5.7706159,1
2742,45.2172889,5.7738017,1
2743,45.2172889,5.7769875,1
2744,45.2172889,5.7801732,1
2745,45.2172889,5.7833590,1
2746,45.2172889,5.7865447,1
2747,45.2172889,5.7897305,1
2748,45.2172889,5.7929162,1
2749,45.2172889,5.7961020,1
2750,45.2172889,5.7992877,1
2751,45.2172889,5.8024735,1
2752,45.2172889,5.8056592,1
2753,45.2172889,5.8088450,1
2754,45.2195347,5.6400000,0
2755,45.2195347,5.6431858,1
2756,45.2195347,5.6463715,1
2757,45.2195347,5.6495573,1
2758,45.2195347,5.6527430,1
2759,45.2195347,5.6559288,1
2760,45.2195347,5.6591145,1
2761,45.2195347,5.6623003,1
2762,45.2195347,5.6654860,1
2763,45.2195347,5.6686718,1
2764,45.2195347,5.6718575,1
2765,45.2195347,5.6750433,1
2766,45.2195347,5.6782291,1
2767,45.2195347,5.6814148,1
2768,45.2195347,5.6846006,1
2769,45.2195347,5.6877863,1
2770,45.2195347,5.6909721,1
2771,45.2195347,5.6941578,1
2772,45.2195347,5.6973436,1
2773,45.2195347,5.7005293,1
2774,45.2195347,5.7037151,1
2775,45.2195347,5.7069009,1
2776,45.2195347,5.7100866,1
2777,45.2195347,5.7132724,1
2778,45.2195347,5.7164581,1
2779,45.2195347,5.7196439,1
2780,45.2195347,5.7228296,1
2781,45.2195347,5.7260154,1
2782,45.2195347,5.7292011,1
2783,45.2195347,5.7323869,1
2784,45.2195347,5.7355726,0
2785,45.2195347,5.7387584,0
2786,45.2195347,5.7419442,1
2787,45.2195347,5.7451299,1
2788,45.2195347,5.7483157,1
2789,45.2195347,5.7515014,1
2790,45.2195347,5.7546872,1
2791,45.2195347,5.7578729,1
2792,45.2195347,5.7610587,1
2793,45.2195347,5.7642444,1
2794,45.2195347,5.7674302,1
2795,45.2195347,5.7706159,1
2796,45.2195347,5.7738017,1
2797,45.2195347,5.7769875,1
2798,45.2195347,5.7801732,1
2799,45.2195347,5.7833590,1
2800,45.2195347,5.7865447,1
2801,45.2195347,5.7897305,1
2802,45.2195347,5.7929162,1
2803,45.2195347,5.7961020,1
2804,45.2195347,5.7992877,1
2805,45.2195347,5.8024735,1
2806,45.2195347,5.8056592,1
2807,45.2195347,5.8088450,1
2808,45.2217805,5.6400000,0
2809,45.2217805,5.6431858,0
2810,45.2217805,5.6463715,1
2811,45.2217805,5.6495573,1
2812,45.2217805,5.6527430,1
2813,45.2217805,5.6559288,1
2814,45.2217805,5.6591145,1
2815,45.2217805,5.6623003,1
2816,45.2217805,5.6654860,1
2817,45.2217805,5.6686718,1
2818,45.2217805,5.6718575,1
2819,45.2217805,5.6750433,1
2820,45.2217805,5.6782291,1
2821,45.2217805,5.6814148,1
2822,45.2217805,5.6846006,1
2823,45.2217805,5.6877863,1
2824,45.2217805,5.6909721,1
2825,45.2217805,5.6941578,1
2826,45.2217805,5.6973436,1
2827,45.2217805,5.7005293,1
2828,45.2217805,5.7037151,1
2829,45.2217805,5.7069009,1
2830,45.2217805,5.7100866,1
2831,45.2217805,5.7132724,1
2832,45.2217805,5.7164581,1
2833,45.2217805,5.7196439,1
2834,45.2217805,5.7228296,1
2835,45.2217805,5.7260154,1
2836,45.2217805,5.7292011,1
2837,45.2217805,5.7323869,1
2838,45.2217805,5.7355726,0
2839,45.2217805,5.7387584,0
2840,45.2217805,5.7419442,0
2841,45.2217805,5.7451299,1
2842,45.2217805,5.7483157,1
2843,45.2217805,5.7515014,1
2844,45.2217805,5.7546872,1
2845,45.2217805,5.7578729,1
2846,45.2217805,5.7610587,1
2847,45.2217805,5.7642444,1
2848,45.2217805,5.7674302,1
2849,45.2217805,5.7706159,1
2850,45.2217805,5.7738017,1
2851,45.2217805,5.7769875,1
2852,45.2217805,5.7801732,1
2853,45.2217805,5.7833590,1
2854,45.2217805,5.7865447,1
2855,45.2217805,5.7897305,1
2856,45.2217805,5.7929162,1
2857,45.2217805,5.7961020,1
2858,45.2217805,5.7992877,1
2859,45.2217805,5.8024735,1
2860,45.2217805,5.8056592,1
2861,45.2217805,5.8088450,1
2862,45.2240262,5.6400000,0
2863,45.2240262,5.6431858,1
2864,45.2240262,5.6463715,1
2865,45.2240262,5.6495573,1
2866,45.2240262,5.6527430,1
2867,45.2240262,5.6559288,1
2868,45.2240262,5.6591145,1
2869,45.2240262,5.6623003,1
2870,45.2240262,5.6654860,1
2871,45.2240262,5.6686718,1
2872,45.2240262,5.6718575,1
2873,45.2240262,5.6750433,1
2874,45.2240262,5.6782291,1
2875,45.2240262,5.6814148,1
2876,45.2240262,5.6846006,1
2877,45.2240262,5.6877863,1
2878,45.2240262,5.6909721,1
2879,45.2240262,5.6941578,1
2880,45.2240262,5.6973436,1
2881,45.2240262,5.7005293,0
2882,45.2240262,5.7037151,0
2883,45.2240262,5.7069009,1
2884,45.2240262,5.7100866,1
2885,45.2240262,5.7132724,1
2886,45.2240262,5.7164581,1
2887,45.2240262,5.7196439,1
2888,45.2240262,5.7228296,1
2889,45.2240262,5.7260154,1
2890,45.2240262,5.7292011,1
2891,45.2240262,5.7323869,1
2892,45.2240262,5.7355726,0
2893,45.2240262,5.7387584,0
2894,45.2240262,5.7419442,0
2895,45.2240262,5.7451299,0
2896,45.2240262,5.7483157,0
2897,45.2240262,5.7515014,1
2898,45.2240262,5.7546872,1
2899,45.2240262,5.7578729,1
2900,45.2240262,5.7610587,1
2901,45.2240262,5.7642444,1
2902,45.2240262,5.7674302,1
2903,45.2240262,5.7706159,1
2904,45.2240262,5.7738017,1
2905,45.2240262,5.7769875,1
2906,45.2240262,5.7801732,1
2907,45.2240262,5.7833590,1
2908,45.2240262,5.7865447,1
2909,45.2240262,5.7897305,1
2910,45.2240262,5.7929162,1
2911,45.2240262,5.7961020,1
2912,45.2240262,5.7992877,1
2913,45.2240262,5.8024735,1
2914,45.2240262,5.8056592,1
2915,45.2240262,5.8088450,1
2916,45.2262720,5.6400000,1
2917,45.2262720,5.6431858,1
2918,45.2262720,5.6463715,1
2919,45.2262720,5.6495573,1
2920,45.2262720,5.6527430,1
2921,45.2262720,5.6559288,1
2922,45.2262720,5.6591145,1
2923,45.2262720,5.6623003,1
2924,45.2262720,5.6654860,1
2925,45.2262720,5.6686718,1
2926,45.2262720,5.6718575,1
2927,45.2262720,5.6750433,1
2928,45.2262720,5.6782291,1
2929,45.2262720,5.6814148,1
2930,45.2262720,5.6846006,1
2931,45.2262720,5.6877863,1
2932,45.2262720,5.6909721,1
2933,45.2262720,5.6941578,1
2934,45.2262720,5.6973436,1
2935,45.2262720,5.7005293,1
2936,45.2262720,5.7037151,0
2937,45.2262720,5.7069009,0
2938,45.2262720,5.7100866,1
2939,45.2262720,5.7132724,1
2940,45.2262720,5.7164581,1
2941,45.2262720,5.7196439,1
2942,45.2262720,5.7228296,1
2943,45.2262720,5.7260154,1
2944,45.2262720,5.7292011,1
2945,45.2262720,5.7323869,1
2946,45.2262720,5.7355726,1
2947,45.2262720,5.7387584,0
2948,45.2262720,5.7419442,0
2949,45.2262720,5.7451299,0
2950,45.2262720,5.7483157,0
2951,45.2262720,5.7515014,1
2952,45.2262720,5.7546872,1
2953,45.2262720,5.7578729,1
2954,45.2262720,5.7610587,1
2955,45.2262720,5.7642444,1
2956,45.2262720,5.7674302,1
2957,45.2262720,5.7706159,1
2958,45.2262720,5.7738017,1
2959,45.2262720,5.7769875,1
2960,45.2262720,5.7801732,1
2961,45.2262720,5.7833590,1
2962,45.2262720,5.7865447,1
2963,45.2262720,5.7897305,1
2964,45.2262720,5.7929162,1
2965,45.2262720,5.7961020,1
2966,45.2262720,5.7992877,1
2967,45.2262720,5.8024735,1
2968,45.2262720,5.8056592,1
2969,45.2262720,5.8088450,1
2970,45.2285178,5.6400000,1
2971,45.2285178,5.6431858,1
2972,45.2285178,5.6463715,1
2973,45.2285178,5.6495573,1
2974,45.2285178,5.6527430,1
2975,45.2285178,5.6559288,1
2976,45.2285178,5.6591145,1
2977,45.2285178,5.6623003,1
2978,45.2285178,5.6654860,1
2979,45.2285178,5.6686718,1
2980,45.2285178,5.6718575,1
2981,45.2285178,5.6750433,1
2982,45.2285178,5.6782291,1
2983,45.2285178,5.6814148,1
2984,45.2285178,5.6846006,1
2985,45.2285178,5.6877863,1
2986,45.2285178,5.6909721,1
2987,45.2285178,5.6941578,1
2988,45.2285178,5.6973436,1
2989,45.2285178,5.7005293,1
2990,45.2285178,5.7037151,0
2991,45.2285178,5.7069009,0
2992,45.2285178,5.7100866,0
2993,45.2285178,5.7132724,1
2994,45.2285178,5.7164581,1
2995,45.2285178,5.7196439,1
2996,45.2285178,5.7228296,1
2997,45.2285178,5.7260154,1
2998,45.2285178,5.7292011,1
2999,45.2285178,5.7323869,1
3000,45.2285178,5.7355726,0
3001,45.2285178,5.7387584,0
3002,45.2285178,5.7419442,0
3003,45.2285178,5.7451299,1
3004,45.2285178,5.7483157,1
3005,45.2285178,5.7515014,1
3006,45.2285178,5.7546872,1
3007,45.2285178,5.7578729,1
3008,45.2285178,5.7610587,1
3009,45.2285178,5.7642444,1
3010,45.2285178,5.7674302,1
3011,45.2285178,5.7706159,1
3012,45.2285178,5.7738017,1
3013,45.2285178,5.7769875,1
3014,45.2285178,5.7801732,1
3015,45.2285178,5.7833590,1
3016,45.2285178,5.7865447,1
3017,45.2285178,5.7897305,1
3018,45.2285178,5.7929162,1
3019,45.2285178,5.7961020,1
3020,45.2285178,5.7992877,1
3021,45.2285178,5.8024735,1
3022,45.2285178,5.8056592,1
3023,45.2285178,5.8088450,1
3024,45.2307636,5.6400000,1
3025,45.2307636,5.6431858,1
3026,45.2307636,5.6463715,1
3027,45.2307636,5.6495573,1
3028,45.2307636,5.6527430,1
3029,45.2307636,5.6559288,1
3030,45.2307636,5.6591145,1
3031,45.2307636,5.6623003,1
3032,45.2307636,5.6654860,1
3033,45.2307636,5.6686718,1
3034,45.2307636,5.6718575,1
3035,45.2307636,5.6750433,1
3036,45.2307636,5.6782291,1
3037,45.2307636,5.6814148,1
3038,45.2307636,5.6846006,1
3039,45.2307636,5.6877863,1
3040,45.2307636,5.6909721,1
3041,45.2307636,5.6941578,1
3042,45.2307636,5.6973436,1
3043,45.2307636,5.7005293,1
3044,45.2307636,5.7037151,0
3045,45.2307636,5.7069009,0
3046,45.2307636,5.7100866,0
3047,45.2307636,5.7132724,1
3048,45.2307636,5.7164581,1
3049,45.2307636,5.7196439,1
3050,45.2307636,5.7228296,1
3051,45.2307636,5.7260154,1
3052,45.2307636,5.7292011,1
3053,45.2307636,5.7323869,1
3054,45.2307636,5.7355726,0
3055,45.2307636,5.7387584,0
3056,45.2307636,5.7419442,1
3057,45.2307636,5.7451299,1
3058,45.2307636,5.7483157,1
3059,45.2307636,5.7515014,1
3060,45.2307636,5.7546872,1
3061,45.2307636,5.7578729,1
3062,45.2307636,5.7610587,1
3063,45.2307636,5.7642444,1
3064,45.2307636,5.7674302,1
3065,45.2307636,5.7706159,1
3066,45.2307636,5.7738017,1
3067,45.2307636,5.7769875,0
3068,45.2307636,5.7801732,1
3069,45.2307636,5.7833590,1
3070,45.2307636,5.7865447,1
3071,45.2307636,5.7897305,1
3072,45.2307636,5.7929162,1
3073,45.2307636,5.7961020,1
3074,45.2307636,5.7992877,1
3075,45.2307636,5.8024735,1
3076,45.2307636,5.8056592,1
3077,45.2307636,5.8088450,1
3078,45.2330093,5.6400000,1
3079,45.2330093,5.6431858,1
3080,45.2330093,5.6463715,1
3081,45.2330093,5.6495573,1
3082,45.2330093,5.6527430,1
3083,45.2330093,5.6559288,1
3084,45.2330093,5.6591145,0
3085,45.2330093,5.6623003,1
3086,45.2330093,5.6654860,1
3087,45.2330093,5.6686718,1
3088,45.2330093,5.6718575,1
3089,45.2330093,5.6750433,1
3090,45.2330093,5.6782291,1
3091,45.2330093,5.6814148,1
3092,45.2330093,5.6846006,1
3093,45.2330093,5.6877863,1
3094,45.2330093,5.6909721,1
3095,45.2330093,5.6941578,1
3096,45.2330093,5.6973436,1
3097,45.2330093,5.7005293,1
3098,45.2330093,5.7037151,0
3099,45.2330093,5.7069009,0
3100,45.2330093,5.7100866,0
3101,45.2330093,5.7132724,0
3102,45.2330093,5.7164581,1
3103,45.2330093,5.7196439,1
3104,45.2330093,5.7228296,1
3105,45.2330093,5.7260154,1
3106,45.2330093,5.7292011,1
3107,45.2330093,5.7323869,1
3108,45.2330093,5.7355726,1
3109,45.2330093,5.7387584,0
3110,45.2330093,5.7419442,1
3111,45.2330093,5.7451299,1
3112,45.2330093,5.7483157,1
3113,45.2330093,5.7515014,1
3114,45.2330093,5.7546872,1
3115,45.2330093,5.7578729,1
3116,45.2330093,5.7610587,1
3117,45.2330093,5.7642444,1
3118,45.2330093,5.7674302,1
3119,45.2330093,5.7706159,1
3120,45.2330093,5.7738017,0
3121,45.2330093,5.7769875,0
3122,45.2330093,5.7801732,0
3123,45.2330093,5.7833590,1
3124,45.2330093,5.7865447,1
3125,45.2330093,5.7897305,1
3126,45.2330093,5.7929162,1
3127,45.2330093,5.7961020,1
3128,45.2330093,5.7992877,1
3129,45.2330093,5.8024735,1
3130,45.2330093,5.8056592,1
3131,45.2330093,5.8088450,1
3132,45.2352551,5.6400000,1
3133,45.2352551,5.6431858,1
3134,45.2352551,5.6463715,1
3135,45.2352551,5.6495573,1
3136,45.2352551,5.6527430,1
3137,45.2352551,5.6559288,0
3138,45.2352551,5.6591145,0
3139,45.2352551,5.6623003,1
3140,45.2352551,5.6654860,1
3141,45.2352551,5.6686718,1
3142,45.2352551,5.6718575,1
3143,45.2352551,5.6750433,1
3144,45.2352551,5.6782291,1
3145,45.2352551,5.6814148,1
3146,45.2352551,5.6846006,1
3147,45.2352551,5.6877863,1
3148,45.2352551,5.6909721,1
3149,45.2352551,5.6941578,1
3150,45.2352551,5.6973436,1
3151,45.2352551,5.7005293,0
3152,45.2352551,5.7037151,0
3153,45.2352551,5.7069009,0
3154,45.2352551,5.7100866,0
3155,45.2352551,5.7132724,0
3156,45.2352551,5.7164581,1
3157,45.2352551,5.7196439,1
3158,45.2352551,5.7228296,1
3159,45.2352551,5.7260154,1
3160,45.2352551,5.7292011,1
3161,45.2352551,5.7323869,1
3162,45.2352551,5.7355726,1
3163,45.2352551,5.7387584,0
3164,45.2352551,5.7419442,1
3165,45.2352551,5.7451299,1
3166,45.2352551,5.7483157,1
3167,45.2352551,5.7515014,1
3168,45.2352551,5.7546872,1
3169,45.2352551,5.7578729,1
3170,45.2352551,5.7610587,1
3171,45.2352551,5.7642444,0
3172,45.2352551,5.7674302,0
3173,45.2352551,5.7706159,0
3174,45.2352551,5.7738017,0
3175,45.2352551,5.7769875,0
3176,45.2352551,5.7801732,0
3177,45.2352551,5.7833590,0
3178,45.2352551,5.7865447,1
3179,45.2352551,5.7897305,1
3180,45.2352551,5.7929162,1
3181,45.2352551,5.7961020,1
3182,45.2352551,5.7992877,1
3183,45.2352551,5.8024735,1
3184,45.2352551,5.8056592,1
3185,45.2352551,5.8088450,1
3186,45.2375009,5.6400000,1
3187,45.2375009,5.6431858,1
3188,45.2375009,5.6463715,1
3189,45.2375009,5.6495573,1
3190,45.2375009,5.6527430,0
3191,45.2375009,5.6559288,0
3192,45.2375009,5.6591145,1
3193,45.2375009,5.6623003,1
3194,45.2375009,5.6654860,1
3195,45.2375009,5.6686718,1
3196,45.2375009,5.6718575,1
3197,45.2375009,5.6750433,1
3198,45.2375009,5.6782291,1
3199,45.2375009,5.6814148,1
3200,45.2375009,5.6846006,1
3201,45.2375009,5.6877863,1
3202,45.2375009,5.6909721,1
3203,45.2375009,5.6941578,1
3204,45.2375009,5.6973436,1
3205,45.2375009,5.7005293,0
3206,45.2375009,5.7037151,0
3207,45.2375009,5.7069009,0
3208,45.2375009,5.7100866,0
3209,45.2375009,5.7132724,0
3210,45.2375009,5.7164581,0
3211,45.2375009,5.7196439,1
3212,45.2375009,5.7228296,1
3213,45.2375009,5.7260154,1
3214,45.2375009,5.7292011,1
3215,45.2375009,5.7323869,1
3216,45.2375009,5.7355726,0
3217,45.2375009,5.7387584,0
3218,45.2375009,5.7419442,0
3219,45.2375009,5.7451299,1
3220,45.2375009,5.7483157,1
3221,45.2375009,5.7515014,1
3222,45.2375009,5.7546872,1
3223,45.2375009,5.7578729,1
3224,45.2375009,5.7610587,1
3225,45.2375009,5.7642444,0
3226,45.2375009,5.7674302,0
3227,45.2375009,5.7706159,0
3228,45.2375009,5.7738017,0
3229,45.2375009,5.7769875,0
3230,45.2375009,5.7801732,0
3231,45.2375009,5.7833590,0
3232,45.2375009,5.7865447,0
3233,45.2375009,5.7897305,0
3234,45.2375009,5.7929162,1
3235,45.2375009,5.7961020,1
3236,45.2375009,5.7992877,1
3237,45.2375009,5.8024735,1
3238,45.2375009,5.8056592,1
3239,45.2375009,5.8088450,1
3240,45.2397467,5.6400000,1
3241,45.2397467,5.6431858,1
3242,45.2397467,5.6463715,1
3243,45.2397467,5.6495573,0
3244,45.2397467,5.6527430,0
3245,45.2397467,5.6559288,0
3246,45.2397467,5.6591145,1
3247,45.2397467,5.6623003,1
3248,45.2397467,5.6654860,1
3249,45.2397467,5.6686718,1
3250,45.2397467,5.6718575,1
3251,45.2397467,5.6750433,1
3252,45.2397467,5.6782291,1
3253,45.2397467,5.6814148,1
3254,45.2397467,5.6846006,1
3255,45.2397467,5.6877863,1
3256,45.2397467,5.6909721,1
3257,45.2397467,5.6941578,1
3258,45.2397467,5.6973436,1
3259,45.2397467,5.7005293,1
3260,45.2397467,5.7037151,0
3261,45.2397467,5.7069009,0
3262,45.2397467,5.7100866,0
3263,45.2397467,5.7132724,0
3264,45.2397467,5.7164581,0
3265,45.2397467,5.7196439,1
3266,45.2397467,5.7228296,1
3267,45.2397467,5.7260154,1
3268,45.2397467,5.7292011,1
3269,45.2397467,5.7323869,1
3270,45.2397467,5.7355726,0
3271,45.2397467,5.7387584,0
3272,45.2397467,5.7419442,0
3273,45.2397467,5.7451299,1
3274,45.2397467,5.7483157,1
3275,45.2397467,5.7515014,1
3276,45.2397467,5.7546872,1
3277,45.2397467,5.7578729,1
3278,45.2397467,5.7610587,1
3279,45.2397467,5.7642444,0
3280,45.2397467,5.7674302,0
3281,45.2397467,5.7706159,0
3282,45.2397467,5.7738017,0
3283,45.2397467,5.7769875,0
3284,45.2397467,5.7801732,0
3285,45.2397467,5.7833590,0
3286,45.2397467,5.7865447,0
3287,45.2397467,5.7897305,0
3288,45.2397467,5.7929162,0
3289,45.2397467,5.7961020,1
3290,45.2397467,5.7992877,1
3291,45.2397467,5.8024735,1
3292,45.2397467,5.8056592,1
3293,45.2397467,5.8088450,1
3294,45.2419925,5.6400000,1
3295,45.2419925,5.6431858,1
3296,45.2419925,5.6463715,0
3297,45.2419925,5.6495573,0
3298,45.2419925,5.6527430,0
3299,45.2419925,5.6559288,0
3300,45.2419925,5.6591145,1
3301,45.2419925,5.6623003,1
3302,45.2419925,5.6654860,1
3303,45.2419925,5.6686718,1
3304,45.2419925,5.6718575,1
3305,45.2419925,5.6750433,1
3306,45.2419925,5.6782291,1
3307,45.2419925,5.6814148,1
3308,45.2419925,5.6846006,1
3309,45.2419925,5.6877863,1
3310,45.2419925,5.6909721,1
3311,45.2419925,5.6941578,1
3312,45.2419925,5.6973436,1
3313,45.2419925,5.7005293,1
3314,45.2419925,5.7037151,1
3315,45.2419925,5.7069009,0
3316,45.2419925,5.7100866,0
3317,45.2419925,5.7132724,0
3318,45.2419925,5.7164581,0
3319,45.2419925,5.7196439,0
3320,45.2419925,5.7228296,0
3321,45.2419925,5.7260154,1
3322,45.2419925,5.7292011,1
3323,45.2419925,5.7323869,1
3324,45.2419925,5.7355726,1
3325,45.2419925,5.7387584,0
3326,45.2419925,5.7419442,0
3327,45.2419925,5.7451299,1
3328,45.2419925,5.7483157,1
3329,45.2419925,5.7515014,1
3330,45.2419925,5.7546872,1
3331,45.2419925,5.7578729,1
3332,45.2419925,5.7610587,1
3333,45.2419925,5.7642444,0
3334,45.2419925,5.7674302,0
3335,45.2419925,5.7706159,0
3336,45.2419925,5.7738017,0
3337,45.2419925,5.7769875,0
3338,45.2419925,5.7801732,0
3339,45.2419925,5.7833590,0
3340,45.2419925,5.7865447,0
3341,45.2419925,5.7897305,0
3342,45.2419925,5.7929162,0
3343,45.2419925,5.7961020,1
3344,45.2419925,5.7992877,1
3345,45.2419925,5.8024735,1
3346,45.2419925,5.8056592,1
3347,45.2419925,5.8088450,1
3348,45.2442382,5.6400000,1
3349,45.2442382,5.6431858,0
3350,45.2442382,5.6463715,0
3351,45.2442382,5.6495573,0
3352,45.2442382,5.6527430,0
3353,45.2442382,5.6559288,0
3354,45.2442382,5.6591145,1
3355,45.2442382,5.6623003,1
3356,45.2442382,5.6654860,1
3357,45.2442382,5.6686718,1
3358,45.2442382,5.6718575,1
3359,45.2442382,5.6750433,1
3360,45.2442382,5.6782291,1
3361,45.2442382,5.6814148,1
3362,45.2442382,5.6846006,1
3363,45.2442382,5.6877863,1
3364,45.2442382,5.6909721,1
3365,45.2442382,5.6941578,1
3366,45.2442382,5.6973436,1
3367,45.2442382,5.7005293,1
3368,45.2442382,5.7037151,1
3369,45.2442382,5.7069009,0
3370,45.2442382,5.7100866,0
3371,45.2442382,5.7132724,0
3372,45.2442382,5.7164581,0
3373,45.2442382,5.7196439,0
3374,45.2442382,5.7228296,0
3375,45.2442382,5.7260154,1
3376,45.2442382,5.7292011,1
3377,45.2442382,5.7323869,1
3378,45.2442382,5.7355726,1
3379,45.2442382,5.7387584,1
3380,45.2442382,5.7419442,0
3381,45.2442382,5.7451299,1
3382,45.2442382,5.7483157,1
3383,45.2442382,5.7515014,1
3384,45.2442382,5.7546872,1
3385,45.2442382,5.7578729,1
3386,45.2442382,5.7610587,1
3387,45.2442382,5.7642444,1
3388,45.2442382,5.7674302,1
3389,45.2442382,5.7706159,1
3390,45.2442382,5.7738017,0
3391,45.2442382,5.7769875,0
3392,45.2442382,5.7801732,0
3393,45.2442382,5.7833590,0
3394,45.2442382,5.7865447,0
3395,45.2442382,5.7897305,0
3396,45.2442382,5.7929162,0
3397,45.2442382,5.7961020,0
3398,45.2442382,5.7992877,1
3399,45.2442382,5.8024735,1
3400,45.2442382,5.8056592,1
3401,45.2442382,5.8088450,1
